<<<<<<< HEAD
2024-05-24 00:59:24.701  INFO 11720 --- [main] com.myapplication.MyRestApplication      : Starting MyRestApplication on RENE with PID 11720 (C:\Users\retro\eclipse-workspace\my-rest-application\target\classes started by retro in C:\Users\retro\eclipse-workspace\my-rest-application)
2024-05-24 00:59:24.718  INFO 11720 --- [main] com.myapplication.MyRestApplication      : No active profile set, falling back to default profiles: default
2024-05-24 00:59:27.026  INFO 11720 --- [main] .s.d.r.c.RepositoryConfigurationDelegate : Bootstrapping Spring Data JPA repositories in DEFERRED mode.
2024-05-24 00:59:27.090  INFO 11720 --- [main] .s.d.r.c.RepositoryConfigurationDelegate : Finished Spring Data repository scanning in 46ms. Found 0 JPA repository interfaces.
2024-05-24 00:59:27.605  INFO 11720 --- [main] trationDelegate$BeanPostProcessorChecker : Bean 'org.springframework.security.access.expression.method.DefaultMethodSecurityExpressionHandler@1afd72ef' of type [org.springframework.security.access.expression.method.DefaultMethodSecurityExpressionHandler] is not eligible for getting processed by all BeanPostProcessors (for example: not eligible for auto-proxying)
2024-05-24 00:59:27.613  INFO 11720 --- [main] trationDelegate$BeanPostProcessorChecker : Bean 'methodSecurityMetadataSource' of type [org.springframework.security.access.method.DelegatingMethodSecurityMetadataSource] is not eligible for getting processed by all BeanPostProcessors (for example: not eligible for auto-proxying)
2024-05-24 00:59:28.022  INFO 11720 --- [main] o.s.b.w.embedded.tomcat.TomcatWebServer  : Tomcat initialized with port(s): 8080 (http)
2024-05-24 00:59:28.039  INFO 11720 --- [main] o.apache.catalina.core.StandardService   : Starting service [Tomcat]
2024-05-24 00:59:28.040  INFO 11720 --- [main] org.apache.catalina.core.StandardEngine  : Starting Servlet engine: [Apache Tomcat/9.0.35]
2024-05-24 00:59:28.223  INFO 11720 --- [main] o.a.c.c.C.[Tomcat].[localhost].[/]       : Initializing Spring embedded WebApplicationContext
2024-05-24 00:59:28.223  INFO 11720 --- [main] o.s.web.context.ContextLoader            : Root WebApplicationContext: initialization completed in 3391 ms
2024-05-24 00:59:28.366  WARN 11720 --- [main] JpaBaseConfiguration$JpaWebConfiguration : spring.jpa.open-in-view is enabled by default. Therefore, database queries may be performed during view rendering. Explicitly configure spring.jpa.open-in-view to disable this warning
2024-05-24 00:59:28.465 DEBUG 11720 --- [main] o.h.i.internal.IntegratorServiceImpl     : Adding Integrator [org.hibernate.cfg.beanvalidation.BeanValidationIntegrator].
2024-05-24 00:59:28.469 DEBUG 11720 --- [main] o.h.i.internal.IntegratorServiceImpl     : Adding Integrator [org.hibernate.secure.spi.JaccIntegrator].
2024-05-24 00:59:28.472 DEBUG 11720 --- [main] o.h.i.internal.IntegratorServiceImpl     : Adding Integrator [org.hibernate.cache.internal.CollectionCacheInvalidator].
2024-05-24 00:59:28.511  INFO 11720 --- [main] org.hibernate.Version                    : HHH000412: Hibernate ORM core version 5.4.15.Final
2024-05-24 00:59:28.513 DEBUG 11720 --- [main] org.hibernate.cfg.Environment            : HHH000206: hibernate.properties not found
2024-05-24 00:59:28.778 DEBUG 11720 --- [main] org.hibernate.cfg.Configuration          : Building session factory using internal StandardServiceRegistryBuilder
2024-05-24 00:59:28.784 DEBUG 11720 --- [main] o.hibernate.service.spi.ServiceBinding   : Overriding existing service binding [org.hibernate.secure.spi.JaccService]
2024-05-24 00:59:28.785 DEBUG 11720 --- [main] org.hibernate.cfg.Configuration          : Building session factory using provided StandardServiceRegistry
2024-05-24 00:59:28.799 DEBUG 11720 --- [main] o.h.c.internal.RegionFactoryInitiator    : Cannot default RegionFactory based on registered strategies as `[]` RegionFactory strategies were registered
2024-05-24 00:59:28.801 DEBUG 11720 --- [main] o.h.c.internal.RegionFactoryInitiator    : Cache region factory : org.hibernate.cache.internal.NoCachingRegionFactory
2024-05-24 00:59:28.829  INFO 11720 --- [main] o.hibernate.annotations.common.Version   : HCANN000001: Hibernate Commons Annotations {5.1.0.Final}
2024-05-24 00:59:28.875 DEBUG 11720 --- [main] org.hibernate.type.BasicTypeRegistry     : Adding type registration boolean -> org.hibernate.type.BooleanType@637c840d
2024-05-24 00:59:28.875 DEBUG 11720 --- [main] org.hibernate.type.BasicTypeRegistry     : Adding type registration boolean -> org.hibernate.type.BooleanType@637c840d
2024-05-24 00:59:28.875 DEBUG 11720 --- [main] org.hibernate.type.BasicTypeRegistry     : Adding type registration java.lang.Boolean -> org.hibernate.type.BooleanType@637c840d
2024-05-24 00:59:28.876 DEBUG 11720 --- [main] org.hibernate.type.BasicTypeRegistry     : Adding type registration numeric_boolean -> org.hibernate.type.NumericBooleanType@7ccd611e
2024-05-24 00:59:28.877 DEBUG 11720 --- [main] org.hibernate.type.BasicTypeRegistry     : Adding type registration true_false -> org.hibernate.type.TrueFalseType@640d604
2024-05-24 00:59:28.877 DEBUG 11720 --- [main] org.hibernate.type.BasicTypeRegistry     : Adding type registration yes_no -> org.hibernate.type.YesNoType@515ab3f2
2024-05-24 00:59:28.878 DEBUG 11720 --- [main] org.hibernate.type.BasicTypeRegistry     : Adding type registration byte -> org.hibernate.type.ByteType@2e6d76ba
2024-05-24 00:59:28.878 DEBUG 11720 --- [main] org.hibernate.type.BasicTypeRegistry     : Adding type registration byte -> org.hibernate.type.ByteType@2e6d76ba
2024-05-24 00:59:28.878 DEBUG 11720 --- [main] org.hibernate.type.BasicTypeRegistry     : Adding type registration java.lang.Byte -> org.hibernate.type.ByteType@2e6d76ba
2024-05-24 00:59:28.880 DEBUG 11720 --- [main] org.hibernate.type.BasicTypeRegistry     : Adding type registration character -> org.hibernate.type.CharacterType@496cc217
2024-05-24 00:59:28.880 DEBUG 11720 --- [main] org.hibernate.type.BasicTypeRegistry     : Adding type registration char -> org.hibernate.type.CharacterType@496cc217
2024-05-24 00:59:28.881 DEBUG 11720 --- [main] org.hibernate.type.BasicTypeRegistry     : Adding type registration java.lang.Character -> org.hibernate.type.CharacterType@496cc217
2024-05-24 00:59:28.882 DEBUG 11720 --- [main] org.hibernate.type.BasicTypeRegistry     : Adding type registration short -> org.hibernate.type.ShortType@3b0d3a63
2024-05-24 00:59:28.882 DEBUG 11720 --- [main] org.hibernate.type.BasicTypeRegistry     : Adding type registration short -> org.hibernate.type.ShortType@3b0d3a63
2024-05-24 00:59:28.882 DEBUG 11720 --- [main] org.hibernate.type.BasicTypeRegistry     : Adding type registration java.lang.Short -> org.hibernate.type.ShortType@3b0d3a63
2024-05-24 00:59:28.883 DEBUG 11720 --- [main] org.hibernate.type.BasicTypeRegistry     : Adding type registration integer -> org.hibernate.type.IntegerType@5cfed0ba
2024-05-24 00:59:28.883 DEBUG 11720 --- [main] org.hibernate.type.BasicTypeRegistry     : Adding type registration int -> org.hibernate.type.IntegerType@5cfed0ba
2024-05-24 00:59:28.885 DEBUG 11720 --- [main] org.hibernate.type.BasicTypeRegistry     : Adding type registration java.lang.Integer -> org.hibernate.type.IntegerType@5cfed0ba
2024-05-24 00:59:28.886 DEBUG 11720 --- [main] org.hibernate.type.BasicTypeRegistry     : Adding type registration long -> org.hibernate.type.LongType@367d34c0
2024-05-24 00:59:28.886 DEBUG 11720 --- [main] org.hibernate.type.BasicTypeRegistry     : Adding type registration long -> org.hibernate.type.LongType@367d34c0
2024-05-24 00:59:28.886 DEBUG 11720 --- [main] org.hibernate.type.BasicTypeRegistry     : Adding type registration java.lang.Long -> org.hibernate.type.LongType@367d34c0
2024-05-24 00:59:28.888 DEBUG 11720 --- [main] org.hibernate.type.BasicTypeRegistry     : Adding type registration float -> org.hibernate.type.FloatType@8b13d91
2024-05-24 00:59:28.888 DEBUG 11720 --- [main] org.hibernate.type.BasicTypeRegistry     : Adding type registration float -> org.hibernate.type.FloatType@8b13d91
2024-05-24 00:59:28.888 DEBUG 11720 --- [main] org.hibernate.type.BasicTypeRegistry     : Adding type registration java.lang.Float -> org.hibernate.type.FloatType@8b13d91
2024-05-24 00:59:28.889 DEBUG 11720 --- [main] org.hibernate.type.BasicTypeRegistry     : Adding type registration double -> org.hibernate.type.DoubleType@5657967b
2024-05-24 00:59:28.889 DEBUG 11720 --- [main] org.hibernate.type.BasicTypeRegistry     : Adding type registration double -> org.hibernate.type.DoubleType@5657967b
2024-05-24 00:59:28.889 DEBUG 11720 --- [main] org.hibernate.type.BasicTypeRegistry     : Adding type registration java.lang.Double -> org.hibernate.type.DoubleType@5657967b
2024-05-24 00:59:28.890 DEBUG 11720 --- [main] org.hibernate.type.BasicTypeRegistry     : Adding type registration big_decimal -> org.hibernate.type.BigDecimalType@6de43bc1
2024-05-24 00:59:28.890 DEBUG 11720 --- [main] org.hibernate.type.BasicTypeRegistry     : Adding type registration java.math.BigDecimal -> org.hibernate.type.BigDecimalType@6de43bc1
2024-05-24 00:59:28.891 DEBUG 11720 --- [main] org.hibernate.type.BasicTypeRegistry     : Adding type registration big_integer -> org.hibernate.type.BigIntegerType@6222391a
2024-05-24 00:59:28.891 DEBUG 11720 --- [main] org.hibernate.type.BasicTypeRegistry     : Adding type registration java.math.BigInteger -> org.hibernate.type.BigIntegerType@6222391a
2024-05-24 00:59:28.891 DEBUG 11720 --- [main] org.hibernate.type.BasicTypeRegistry     : Adding type registration string -> org.hibernate.type.StringType@12abcd1e
2024-05-24 00:59:28.891 DEBUG 11720 --- [main] org.hibernate.type.BasicTypeRegistry     : Adding type registration java.lang.String -> org.hibernate.type.StringType@12abcd1e
2024-05-24 00:59:28.892 DEBUG 11720 --- [main] org.hibernate.type.BasicTypeRegistry     : Adding type registration nstring -> org.hibernate.type.StringNVarcharType@6cbb7a7d
2024-05-24 00:59:28.892 DEBUG 11720 --- [main] org.hibernate.type.BasicTypeRegistry     : Adding type registration ncharacter -> org.hibernate.type.CharacterNCharType@48d739f
2024-05-24 00:59:28.893 DEBUG 11720 --- [main] org.hibernate.type.BasicTypeRegistry     : Adding type registration url -> org.hibernate.type.UrlType@afde064
2024-05-24 00:59:28.893 DEBUG 11720 --- [main] org.hibernate.type.BasicTypeRegistry     : Adding type registration java.net.URL -> org.hibernate.type.UrlType@afde064
2024-05-24 00:59:28.894 DEBUG 11720 --- [main] org.hibernate.type.BasicTypeRegistry     : Adding type registration Duration -> org.hibernate.type.DurationType@687389a6
2024-05-24 00:59:28.894 DEBUG 11720 --- [main] org.hibernate.type.BasicTypeRegistry     : Adding type registration java.time.Duration -> org.hibernate.type.DurationType@687389a6
2024-05-24 00:59:28.895 DEBUG 11720 --- [main] org.hibernate.type.BasicTypeRegistry     : Adding type registration Instant -> org.hibernate.type.InstantType@723e3c17
2024-05-24 00:59:28.895 DEBUG 11720 --- [main] org.hibernate.type.BasicTypeRegistry     : Adding type registration java.time.Instant -> org.hibernate.type.InstantType@723e3c17
2024-05-24 00:59:28.899 DEBUG 11720 --- [main] org.hibernate.type.BasicTypeRegistry     : Adding type registration LocalDateTime -> org.hibernate.type.LocalDateTimeType@30abf79c
2024-05-24 00:59:28.899 DEBUG 11720 --- [main] org.hibernate.type.BasicTypeRegistry     : Adding type registration java.time.LocalDateTime -> org.hibernate.type.LocalDateTimeType@30abf79c
2024-05-24 00:59:28.900 DEBUG 11720 --- [main] org.hibernate.type.BasicTypeRegistry     : Adding type registration LocalDate -> org.hibernate.type.LocalDateType@6629643d
2024-05-24 00:59:28.901 DEBUG 11720 --- [main] org.hibernate.type.BasicTypeRegistry     : Adding type registration java.time.LocalDate -> org.hibernate.type.LocalDateType@6629643d
2024-05-24 00:59:28.902 DEBUG 11720 --- [main] org.hibernate.type.BasicTypeRegistry     : Adding type registration LocalTime -> org.hibernate.type.LocalTimeType@4270b142
2024-05-24 00:59:28.902 DEBUG 11720 --- [main] org.hibernate.type.BasicTypeRegistry     : Adding type registration java.time.LocalTime -> org.hibernate.type.LocalTimeType@4270b142
2024-05-24 00:59:28.903 DEBUG 11720 --- [main] org.hibernate.type.BasicTypeRegistry     : Adding type registration OffsetDateTime -> org.hibernate.type.OffsetDateTimeType@50bc3219
2024-05-24 00:59:28.903 DEBUG 11720 --- [main] org.hibernate.type.BasicTypeRegistry     : Adding type registration java.time.OffsetDateTime -> org.hibernate.type.OffsetDateTimeType@50bc3219
2024-05-24 00:59:28.905 DEBUG 11720 --- [main] org.hibernate.type.BasicTypeRegistry     : Adding type registration OffsetTime -> org.hibernate.type.OffsetTimeType@6b0f266e
2024-05-24 00:59:28.905 DEBUG 11720 --- [main] org.hibernate.type.BasicTypeRegistry     : Adding type registration java.time.OffsetTime -> org.hibernate.type.OffsetTimeType@6b0f266e
2024-05-24 00:59:28.907 DEBUG 11720 --- [main] org.hibernate.type.BasicTypeRegistry     : Adding type registration ZonedDateTime -> org.hibernate.type.ZonedDateTimeType@2506b881
2024-05-24 00:59:28.907 DEBUG 11720 --- [main] org.hibernate.type.BasicTypeRegistry     : Adding type registration java.time.ZonedDateTime -> org.hibernate.type.ZonedDateTimeType@2506b881
2024-05-24 00:59:28.909 DEBUG 11720 --- [main] org.hibernate.type.BasicTypeRegistry     : Adding type registration date -> org.hibernate.type.DateType@6ac45c0c
2024-05-24 00:59:28.909 DEBUG 11720 --- [main] org.hibernate.type.BasicTypeRegistry     : Adding type registration java.sql.Date -> org.hibernate.type.DateType@6ac45c0c
2024-05-24 00:59:28.910 DEBUG 11720 --- [main] org.hibernate.type.BasicTypeRegistry     : Adding type registration time -> org.hibernate.type.TimeType@55877274
2024-05-24 00:59:28.910 DEBUG 11720 --- [main] org.hibernate.type.BasicTypeRegistry     : Adding type registration java.sql.Time -> org.hibernate.type.TimeType@55877274
2024-05-24 00:59:28.911 DEBUG 11720 --- [main] org.hibernate.type.BasicTypeRegistry     : Adding type registration timestamp -> org.hibernate.type.TimestampType@2b6fb197
2024-05-24 00:59:28.911 DEBUG 11720 --- [main] org.hibernate.type.BasicTypeRegistry     : Adding type registration java.sql.Timestamp -> org.hibernate.type.TimestampType@2b6fb197
2024-05-24 00:59:28.911 DEBUG 11720 --- [main] org.hibernate.type.BasicTypeRegistry     : Adding type registration java.util.Date -> org.hibernate.type.TimestampType@2b6fb197
2024-05-24 00:59:28.913 DEBUG 11720 --- [main] org.hibernate.type.BasicTypeRegistry     : Adding type registration dbtimestamp -> org.hibernate.type.DbTimestampType@7d59e968
2024-05-24 00:59:28.913 DEBUG 11720 --- [main] org.hibernate.type.BasicTypeRegistry     : Adding type registration calendar -> org.hibernate.type.CalendarType@4f235107
2024-05-24 00:59:28.913 DEBUG 11720 --- [main] org.hibernate.type.BasicTypeRegistry     : Adding type registration java.util.Calendar -> org.hibernate.type.CalendarType@4f235107
2024-05-24 00:59:28.913 DEBUG 11720 --- [main] org.hibernate.type.BasicTypeRegistry     : Adding type registration java.util.GregorianCalendar -> org.hibernate.type.CalendarType@4f235107
2024-05-24 00:59:28.916 DEBUG 11720 --- [main] org.hibernate.type.BasicTypeRegistry     : Adding type registration calendar_date -> org.hibernate.type.CalendarDateType@3a4a5f3c
2024-05-24 00:59:28.917 DEBUG 11720 --- [main] org.hibernate.type.BasicTypeRegistry     : Adding type registration calendar_time -> org.hibernate.type.CalendarTimeType@19b5214b
2024-05-24 00:59:28.918 DEBUG 11720 --- [main] org.hibernate.type.BasicTypeRegistry     : Adding type registration locale -> org.hibernate.type.LocaleType@231b35fb
2024-05-24 00:59:28.918 DEBUG 11720 --- [main] org.hibernate.type.BasicTypeRegistry     : Adding type registration java.util.Locale -> org.hibernate.type.LocaleType@231b35fb
2024-05-24 00:59:28.921 DEBUG 11720 --- [main] org.hibernate.type.BasicTypeRegistry     : Adding type registration currency -> org.hibernate.type.CurrencyType@22cb3d59
2024-05-24 00:59:28.921 DEBUG 11720 --- [main] org.hibernate.type.BasicTypeRegistry     : Adding type registration java.util.Currency -> org.hibernate.type.CurrencyType@22cb3d59
2024-05-24 00:59:28.922 DEBUG 11720 --- [main] org.hibernate.type.BasicTypeRegistry     : Adding type registration timezone -> org.hibernate.type.TimeZoneType@4602f874
2024-05-24 00:59:28.922 DEBUG 11720 --- [main] org.hibernate.type.BasicTypeRegistry     : Adding type registration java.util.TimeZone -> org.hibernate.type.TimeZoneType@4602f874
2024-05-24 00:59:28.923 DEBUG 11720 --- [main] org.hibernate.type.BasicTypeRegistry     : Adding type registration class -> org.hibernate.type.ClassType@3e14d390
2024-05-24 00:59:28.923 DEBUG 11720 --- [main] org.hibernate.type.BasicTypeRegistry     : Adding type registration java.lang.Class -> org.hibernate.type.ClassType@3e14d390
2024-05-24 00:59:28.923 DEBUG 11720 --- [main] org.hibernate.type.BasicTypeRegistry     : Adding type registration uuid-binary -> org.hibernate.type.UUIDBinaryType@3a3f96ab
2024-05-24 00:59:28.924 DEBUG 11720 --- [main] org.hibernate.type.BasicTypeRegistry     : Adding type registration java.util.UUID -> org.hibernate.type.UUIDBinaryType@3a3f96ab
2024-05-24 00:59:28.924 DEBUG 11720 --- [main] org.hibernate.type.BasicTypeRegistry     : Adding type registration uuid-char -> org.hibernate.type.UUIDCharType@21b51e59
2024-05-24 00:59:28.925 DEBUG 11720 --- [main] org.hibernate.type.BasicTypeRegistry     : Adding type registration binary -> org.hibernate.type.BinaryType@32ae8f27
2024-05-24 00:59:28.925 DEBUG 11720 --- [main] org.hibernate.type.BasicTypeRegistry     : Adding type registration byte[] -> org.hibernate.type.BinaryType@32ae8f27
2024-05-24 00:59:28.925 DEBUG 11720 --- [main] org.hibernate.type.BasicTypeRegistry     : Adding type registration [B -> org.hibernate.type.BinaryType@32ae8f27
2024-05-24 00:59:28.925 DEBUG 11720 --- [main] org.hibernate.type.BasicTypeRegistry     : Adding type registration wrapper-binary -> org.hibernate.type.WrapperBinaryType@7a66c35a
2024-05-24 00:59:28.925 DEBUG 11720 --- [main] org.hibernate.type.BasicTypeRegistry     : Adding type registration Byte[] -> org.hibernate.type.WrapperBinaryType@7a66c35a
2024-05-24 00:59:28.925 DEBUG 11720 --- [main] org.hibernate.type.BasicTypeRegistry     : Adding type registration [Ljava.lang.Byte; -> org.hibernate.type.WrapperBinaryType@7a66c35a
2024-05-24 00:59:28.927 DEBUG 11720 --- [main] org.hibernate.type.BasicTypeRegistry     : Adding type registration row_version -> org.hibernate.type.RowVersionType@5bb8e6fc
2024-05-24 00:59:28.928 DEBUG 11720 --- [main] org.hibernate.type.BasicTypeRegistry     : Adding type registration image -> org.hibernate.type.ImageType@747f6c5a
2024-05-24 00:59:28.930 DEBUG 11720 --- [main] org.hibernate.type.BasicTypeRegistry     : Adding type registration characters -> org.hibernate.type.CharArrayType@19662208
2024-05-24 00:59:28.930 DEBUG 11720 --- [main] org.hibernate.type.BasicTypeRegistry     : Adding type registration char[] -> org.hibernate.type.CharArrayType@19662208
2024-05-24 00:59:28.930 DEBUG 11720 --- [main] org.hibernate.type.BasicTypeRegistry     : Adding type registration [C -> org.hibernate.type.CharArrayType@19662208
2024-05-24 00:59:28.930 DEBUG 11720 --- [main] org.hibernate.type.BasicTypeRegistry     : Adding type registration wrapper-characters -> org.hibernate.type.CharacterArrayType@6b867ee7
2024-05-24 00:59:28.930 DEBUG 11720 --- [main] org.hibernate.type.BasicTypeRegistry     : Adding type registration [Ljava.lang.Character; -> org.hibernate.type.CharacterArrayType@6b867ee7
2024-05-24 00:59:28.931 DEBUG 11720 --- [main] org.hibernate.type.BasicTypeRegistry     : Adding type registration Character[] -> org.hibernate.type.CharacterArrayType@6b867ee7
2024-05-24 00:59:28.931 DEBUG 11720 --- [main] org.hibernate.type.BasicTypeRegistry     : Adding type registration text -> org.hibernate.type.TextType@5939e24
2024-05-24 00:59:28.932 DEBUG 11720 --- [main] org.hibernate.type.BasicTypeRegistry     : Adding type registration ntext -> org.hibernate.type.NTextType@310d57b1
2024-05-24 00:59:28.934 DEBUG 11720 --- [main] org.hibernate.type.BasicTypeRegistry     : Adding type registration blob -> org.hibernate.type.BlobType@6486fe7b
2024-05-24 00:59:28.934 DEBUG 11720 --- [main] org.hibernate.type.BasicTypeRegistry     : Adding type registration java.sql.Blob -> org.hibernate.type.BlobType@6486fe7b
2024-05-24 00:59:28.934 DEBUG 11720 --- [main] org.hibernate.type.BasicTypeRegistry     : Adding type registration materialized_blob -> org.hibernate.type.MaterializedBlobType@539c4830
2024-05-24 00:59:28.938 DEBUG 11720 --- [main] org.hibernate.type.BasicTypeRegistry     : Adding type registration clob -> org.hibernate.type.ClobType@34edd065
2024-05-24 00:59:28.938 DEBUG 11720 --- [main] org.hibernate.type.BasicTypeRegistry     : Adding type registration java.sql.Clob -> org.hibernate.type.ClobType@34edd065
2024-05-24 00:59:28.939 DEBUG 11720 --- [main] org.hibernate.type.BasicTypeRegistry     : Adding type registration nclob -> org.hibernate.type.NClobType@4652c74d
2024-05-24 00:59:28.939 DEBUG 11720 --- [main] org.hibernate.type.BasicTypeRegistry     : Adding type registration java.sql.NClob -> org.hibernate.type.NClobType@4652c74d
2024-05-24 00:59:28.939 DEBUG 11720 --- [main] org.hibernate.type.BasicTypeRegistry     : Adding type registration materialized_clob -> org.hibernate.type.MaterializedClobType@696fad31
2024-05-24 00:59:28.940 DEBUG 11720 --- [main] org.hibernate.type.BasicTypeRegistry     : Adding type registration materialized_nclob -> org.hibernate.type.MaterializedNClobType@6c4ce583
2024-05-24 00:59:28.941 DEBUG 11720 --- [main] org.hibernate.type.BasicTypeRegistry     : Adding type registration serializable -> org.hibernate.type.SerializableType@39c87b42
2024-05-24 00:59:28.945 DEBUG 11720 --- [main] org.hibernate.type.BasicTypeRegistry     : Adding type registration object -> org.hibernate.type.ObjectType@70b48eb3
2024-05-24 00:59:28.946 DEBUG 11720 --- [main] org.hibernate.type.BasicTypeRegistry     : Adding type registration java.lang.Object -> org.hibernate.type.ObjectType@70b48eb3
2024-05-24 00:59:28.946 DEBUG 11720 --- [main] org.hibernate.type.BasicTypeRegistry     : Adding type registration imm_date -> org.hibernate.type.AdaptedImmutableType@231df705
2024-05-24 00:59:28.946 DEBUG 11720 --- [main] org.hibernate.type.BasicTypeRegistry     : Adding type registration imm_time -> org.hibernate.type.AdaptedImmutableType@2d130ac4
2024-05-24 00:59:28.946 DEBUG 11720 --- [main] org.hibernate.type.BasicTypeRegistry     : Adding type registration imm_timestamp -> org.hibernate.type.AdaptedImmutableType@2f0ccb34
2024-05-24 00:59:28.947 DEBUG 11720 --- [main] org.hibernate.type.BasicTypeRegistry     : Adding type registration imm_dbtimestamp -> org.hibernate.type.AdaptedImmutableType@194012a2
2024-05-24 00:59:28.947 DEBUG 11720 --- [main] org.hibernate.type.BasicTypeRegistry     : Adding type registration imm_calendar -> org.hibernate.type.AdaptedImmutableType@55296b50
2024-05-24 00:59:28.947 DEBUG 11720 --- [main] org.hibernate.type.BasicTypeRegistry     : Adding type registration imm_calendar_date -> org.hibernate.type.AdaptedImmutableType@60591e1b
2024-05-24 00:59:28.947 DEBUG 11720 --- [main] org.hibernate.type.BasicTypeRegistry     : Adding type registration imm_binary -> org.hibernate.type.AdaptedImmutableType@29c53c4f
2024-05-24 00:59:28.947 DEBUG 11720 --- [main] org.hibernate.type.BasicTypeRegistry     : Adding type registration imm_serializable -> org.hibernate.type.AdaptedImmutableType@3009eed7
2024-05-24 00:59:28.994 DEBUG 11720 --- [main] .i.f.i.DefaultIdentifierGeneratorFactory : Registering IdentifierGenerator strategy [uuid2] -> [org.hibernate.id.UUIDGenerator]
2024-05-24 00:59:28.996 DEBUG 11720 --- [main] .i.f.i.DefaultIdentifierGeneratorFactory : Registering IdentifierGenerator strategy [guid] -> [org.hibernate.id.GUIDGenerator]
2024-05-24 00:59:28.997 DEBUG 11720 --- [main] .i.f.i.DefaultIdentifierGeneratorFactory : Registering IdentifierGenerator strategy [uuid] -> [org.hibernate.id.UUIDHexGenerator]
2024-05-24 00:59:28.997 DEBUG 11720 --- [main] .i.f.i.DefaultIdentifierGeneratorFactory : Registering IdentifierGenerator strategy [uuid.hex] -> [org.hibernate.id.UUIDHexGenerator]
2024-05-24 00:59:28.997 DEBUG 11720 --- [main] .i.f.i.DefaultIdentifierGeneratorFactory : Registering IdentifierGenerator strategy [assigned] -> [org.hibernate.id.Assigned]
2024-05-24 00:59:28.998 DEBUG 11720 --- [main] .i.f.i.DefaultIdentifierGeneratorFactory : Registering IdentifierGenerator strategy [identity] -> [org.hibernate.id.IdentityGenerator]
2024-05-24 00:59:28.998 DEBUG 11720 --- [main] .i.f.i.DefaultIdentifierGeneratorFactory : Registering IdentifierGenerator strategy [select] -> [org.hibernate.id.SelectGenerator]
2024-05-24 00:59:29.000 DEBUG 11720 --- [main] .i.f.i.DefaultIdentifierGeneratorFactory : Registering IdentifierGenerator strategy [sequence] -> [org.hibernate.id.enhanced.SequenceStyleGenerator]
2024-05-24 00:59:29.001 DEBUG 11720 --- [main] .i.f.i.DefaultIdentifierGeneratorFactory : Registering IdentifierGenerator strategy [seqhilo] -> [org.hibernate.id.SequenceHiLoGenerator]
2024-05-24 00:59:29.002 DEBUG 11720 --- [main] .i.f.i.DefaultIdentifierGeneratorFactory : Registering IdentifierGenerator strategy [increment] -> [org.hibernate.id.IncrementGenerator]
2024-05-24 00:59:29.002 DEBUG 11720 --- [main] .i.f.i.DefaultIdentifierGeneratorFactory : Registering IdentifierGenerator strategy [foreign] -> [org.hibernate.id.ForeignGenerator]
2024-05-24 00:59:29.003 DEBUG 11720 --- [main] .i.f.i.DefaultIdentifierGeneratorFactory : Registering IdentifierGenerator strategy [sequence-identity] -> [org.hibernate.id.SequenceIdentityGenerator]
2024-05-24 00:59:29.003 DEBUG 11720 --- [main] .i.f.i.DefaultIdentifierGeneratorFactory : Registering IdentifierGenerator strategy [enhanced-sequence] -> [org.hibernate.id.enhanced.SequenceStyleGenerator]
2024-05-24 00:59:29.004 DEBUG 11720 --- [main] .i.f.i.DefaultIdentifierGeneratorFactory : Registering IdentifierGenerator strategy [enhanced-table] -> [org.hibernate.id.enhanced.TableGenerator]
2024-05-24 00:59:29.574 DEBUG 11720 --- [main] o.h.e.j.e.i.JdbcEnvironmentInitiator     : Database ->
       name : MySQL
    version : 8.0.37
      major : 8
      minor : 0
2024-05-24 00:59:29.574 DEBUG 11720 --- [main] o.h.e.j.e.i.JdbcEnvironmentInitiator     : Driver ->
       name : MySQL Connector/J
    version : mysql-connector-j-8.0.33 (Revision: 7d6b0800528b6b25c68b52dc10d6c1c8429c100c)
      major : 8
      minor : 0
2024-05-24 00:59:29.574 DEBUG 11720 --- [main] o.h.e.j.e.i.JdbcEnvironmentInitiator     : JDBC version : 4.2
2024-05-24 00:59:29.597  INFO 11720 --- [main] org.hibernate.dialect.Dialect            : HHH000400: Using dialect: org.hibernate.dialect.MySQLDialect
2024-05-24 00:59:29.617 DEBUG 11720 --- [main] o.h.e.j.env.spi.IdentifierHelperBuilder  : JDBC driver metadata reported database stores quoted identifiers in more than one case
2024-05-24 00:59:29.687 DEBUG 11720 --- [main] o.h.e.j.env.spi.IdentifierHelperBuilder  : IdentifierCaseStrategy for both quoted and unquoted identifiers was set to the same strategy [LOWER]; that will likely lead to problems in schema update and validation if using quoted identifiers
2024-05-24 00:59:29.720 DEBUG 11720 --- [main] o.h.boot.model.relational.Namespace      : Created database namespace [logicalName=Name{catalog=null, schema=null}, physicalName=Name{catalog=null, schema=null}]
2024-05-24 00:59:29.724 DEBUG 11720 --- [main] o.h.type.spi.TypeConfiguration$Scope     : Scoping TypeConfiguration [org.hibernate.type.spi.TypeConfiguration@2c77344f] to MetadataBuildingContext [org.hibernate.boot.internal.MetadataBuildingContextRootImpl@121ddca4]
2024-05-24 00:59:29.792 DEBUG 11720 --- [main] org.hibernate.cfg.AnnotationBinder       : Binding entity from annotated class: com.myapplication.model.Authority
2024-05-24 00:59:29.816 DEBUG 11720 --- [main] org.hibernate.cfg.Ejb3Column             : Binding column: Ejb3DiscriminatorColumn{logicalColumnName'DTYPE', discriminatorTypeName='string'}
2024-05-24 00:59:29.821 DEBUG 11720 --- [main] o.h.cfg.annotations.EntityBinder         : Import with entity name Authority
2024-05-24 00:59:29.823 DEBUG 11720 --- [main] o.h.cfg.annotations.EntityBinder         : Bind entity com.myapplication.model.Authority on table AUTHORITY
2024-05-24 00:59:29.845 DEBUG 11720 --- [main] org.hibernate.cfg.Ejb3Column             : Binding column: Ejb3Column{table=org.hibernate.mapping.Table(AUTHORITY), mappingColumn=ID, insertable=true, updatable=true, unique=false}
2024-05-24 00:59:29.848 DEBUG 11720 --- [main] o.h.cfg.annotations.PropertyBinder       : MetadataSourceProcessor property id with lazy=false
2024-05-24 00:59:29.851 DEBUG 11720 --- [main] o.hibernate.cfg.AbstractPropertyHolder   : Attempting to locate auto-apply AttributeConverter for property [com.myapplication.model.Authority:id]
2024-05-24 00:59:29.853 DEBUG 11720 --- [main] o.h.cfg.annotations.SimpleValueBinder    : building SimpleValue for id
2024-05-24 00:59:29.855 DEBUG 11720 --- [main] o.h.cfg.annotations.PropertyBinder       : Building property id
2024-05-24 00:59:29.858 DEBUG 11720 --- [main] org.hibernate.cfg.BinderHelper           : #makeIdGenerator(org.hibernate.mapping.SimpleValue([org.hibernate.mapping.Column(ID)]), id, identity, , ...)
2024-05-24 00:59:29.858 DEBUG 11720 --- [main] org.hibernate.cfg.Ejb3Column             : Binding column: Ejb3Column{table=org.hibernate.mapping.Table(AUTHORITY), mappingColumn=NAME, insertable=true, updatable=true, unique=false}
2024-05-24 00:59:29.859 DEBUG 11720 --- [main] o.h.cfg.annotations.PropertyBinder       : MetadataSourceProcessor property name with lazy=false
2024-05-24 00:59:29.859 DEBUG 11720 --- [main] o.hibernate.cfg.AbstractPropertyHolder   : Attempting to locate auto-apply AttributeConverter for property [com.myapplication.model.Authority:name]
2024-05-24 00:59:29.859 DEBUG 11720 --- [main] o.h.cfg.annotations.SimpleValueBinder    : building SimpleValue for name
2024-05-24 00:59:29.859 DEBUG 11720 --- [main] o.h.cfg.annotations.PropertyBinder       : Building property name
2024-05-24 00:59:29.860 DEBUG 11720 --- [main] org.hibernate.cfg.AnnotationBinder       : Binding entity from annotated class: com.myapplication.model.Customer
2024-05-24 00:59:29.860 DEBUG 11720 --- [main] org.hibernate.cfg.Ejb3Column             : Binding column: Ejb3DiscriminatorColumn{logicalColumnName'DTYPE', discriminatorTypeName='string'}
2024-05-24 00:59:29.860 DEBUG 11720 --- [main] o.h.cfg.annotations.EntityBinder         : Import with entity name Customer
2024-05-24 00:59:29.860 DEBUG 11720 --- [main] o.h.cfg.annotations.EntityBinder         : Bind entity com.myapplication.model.Customer on table customer
2024-05-24 00:59:29.864 DEBUG 11720 --- [main] org.hibernate.cfg.Ejb3Column             : Binding column: Ejb3Column{table=org.hibernate.mapping.Table(customer), mappingColumn=id, insertable=true, updatable=true, unique=false}
2024-05-24 00:59:29.865 DEBUG 11720 --- [main] o.h.cfg.annotations.PropertyBinder       : MetadataSourceProcessor property id with lazy=false
2024-05-24 00:59:29.865 DEBUG 11720 --- [main] o.hibernate.cfg.AbstractPropertyHolder   : Attempting to locate auto-apply AttributeConverter for property [com.myapplication.model.Customer:id]
2024-05-24 00:59:29.865 DEBUG 11720 --- [main] o.h.cfg.annotations.SimpleValueBinder    : building SimpleValue for id
2024-05-24 00:59:29.866 DEBUG 11720 --- [main] o.h.cfg.annotations.PropertyBinder       : Building property id
2024-05-24 00:59:29.866 DEBUG 11720 --- [main] org.hibernate.cfg.BinderHelper           : #makeIdGenerator(org.hibernate.mapping.SimpleValue([org.hibernate.mapping.Column(id)]), id, identity, , ...)
2024-05-24 00:59:29.866 DEBUG 11720 --- [main] org.hibernate.cfg.Ejb3Column             : Binding column: Ejb3Column{table=org.hibernate.mapping.Table(customer), mappingColumn=cellphone, insertable=true, updatable=true, unique=false}
2024-05-24 00:59:29.866 DEBUG 11720 --- [main] o.h.cfg.annotations.PropertyBinder       : MetadataSourceProcessor property cellphone with lazy=false
2024-05-24 00:59:29.866 DEBUG 11720 --- [main] o.hibernate.cfg.AbstractPropertyHolder   : Attempting to locate auto-apply AttributeConverter for property [com.myapplication.model.Customer:cellphone]
2024-05-24 00:59:29.866 DEBUG 11720 --- [main] o.h.cfg.annotations.SimpleValueBinder    : building SimpleValue for cellphone
2024-05-24 00:59:29.866 DEBUG 11720 --- [main] o.h.cfg.annotations.PropertyBinder       : Building property cellphone
2024-05-24 00:59:29.866 DEBUG 11720 --- [main] org.hibernate.cfg.Ejb3Column             : Binding column: Ejb3Column{table=org.hibernate.mapping.Table(customer), mappingColumn=city, insertable=true, updatable=true, unique=false}
2024-05-24 00:59:29.866 DEBUG 11720 --- [main] o.h.cfg.annotations.PropertyBinder       : MetadataSourceProcessor property city with lazy=false
2024-05-24 00:59:29.867 DEBUG 11720 --- [main] o.hibernate.cfg.AbstractPropertyHolder   : Attempting to locate auto-apply AttributeConverter for property [com.myapplication.model.Customer:city]
2024-05-24 00:59:29.867 DEBUG 11720 --- [main] o.h.cfg.annotations.SimpleValueBinder    : building SimpleValue for city
2024-05-24 00:59:29.867 DEBUG 11720 --- [main] o.h.cfg.annotations.PropertyBinder       : Building property city
2024-05-24 00:59:29.867 DEBUG 11720 --- [main] org.hibernate.cfg.Ejb3Column             : Binding column: Ejb3Column{table=org.hibernate.mapping.Table(customer), mappingColumn=email, insertable=true, updatable=true, unique=false}
2024-05-24 00:59:29.867 DEBUG 11720 --- [main] o.h.cfg.annotations.PropertyBinder       : MetadataSourceProcessor property email with lazy=false
2024-05-24 00:59:29.867 DEBUG 11720 --- [main] o.hibernate.cfg.AbstractPropertyHolder   : Attempting to locate auto-apply AttributeConverter for property [com.myapplication.model.Customer:email]
2024-05-24 00:59:29.867 DEBUG 11720 --- [main] o.h.cfg.annotations.SimpleValueBinder    : building SimpleValue for email
2024-05-24 00:59:29.868 DEBUG 11720 --- [main] o.h.cfg.annotations.PropertyBinder       : Building property email
2024-05-24 00:59:29.868 DEBUG 11720 --- [main] org.hibernate.cfg.Ejb3Column             : Binding column: Ejb3Column{table=org.hibernate.mapping.Table(customer), mappingColumn=name, insertable=true, updatable=true, unique=false}
2024-05-24 00:59:29.868 DEBUG 11720 --- [main] o.h.cfg.annotations.PropertyBinder       : MetadataSourceProcessor property name with lazy=false
2024-05-24 00:59:29.868 DEBUG 11720 --- [main] o.hibernate.cfg.AbstractPropertyHolder   : Attempting to locate auto-apply AttributeConverter for property [com.myapplication.model.Customer:name]
2024-05-24 00:59:29.868 DEBUG 11720 --- [main] o.h.cfg.annotations.SimpleValueBinder    : building SimpleValue for name
2024-05-24 00:59:29.868 DEBUG 11720 --- [main] o.h.cfg.annotations.PropertyBinder       : Building property name
2024-05-24 00:59:29.868 DEBUG 11720 --- [main] org.hibernate.cfg.Ejb3Column             : Binding column: Ejb3Column{table=org.hibernate.mapping.Table(customer), mappingColumn=photo, insertable=true, updatable=true, unique=false}
2024-05-24 00:59:29.868 DEBUG 11720 --- [main] o.h.cfg.annotations.PropertyBinder       : MetadataSourceProcessor property photo with lazy=false
2024-05-24 00:59:29.868 DEBUG 11720 --- [main] o.hibernate.cfg.AbstractPropertyHolder   : Attempting to locate auto-apply AttributeConverter for property [com.myapplication.model.Customer:photo]
2024-05-24 00:59:29.868 DEBUG 11720 --- [main] o.h.cfg.annotations.SimpleValueBinder    : building SimpleValue for photo
2024-05-24 00:59:29.869 DEBUG 11720 --- [main] o.h.cfg.annotations.PropertyBinder       : Building property photo
2024-05-24 00:59:29.870 DEBUG 11720 --- [main] org.hibernate.cfg.Ejb3Column             : Binding column: Ejb3JoinColumn{logicalColumnName='null', referencedColumn='null', mappedBy='null'}
2024-05-24 00:59:29.870 DEBUG 11720 --- [main] org.hibernate.cfg.Ejb3Column             : Binding column: Ejb3Column{table=org.hibernate.mapping.Table(customer), mappingColumn=publication, insertable=true, updatable=true, unique=false}
2024-05-24 00:59:29.873 DEBUG 11720 --- [main] o.h.cfg.annotations.PropertyBinder       : Building property publication
2024-05-24 00:59:29.873 DEBUG 11720 --- [main] org.hibernate.cfg.Ejb3Column             : Binding column: Ejb3Column{table=org.hibernate.mapping.Table(customer), mappingColumn=state, insertable=true, updatable=true, unique=false}
2024-05-24 00:59:29.873 DEBUG 11720 --- [main] o.h.cfg.annotations.PropertyBinder       : MetadataSourceProcessor property state with lazy=false
2024-05-24 00:59:29.873 DEBUG 11720 --- [main] o.hibernate.cfg.AbstractPropertyHolder   : Attempting to locate auto-apply AttributeConverter for property [com.myapplication.model.Customer:state]
2024-05-24 00:59:29.873 DEBUG 11720 --- [main] o.h.cfg.annotations.SimpleValueBinder    : building SimpleValue for state
2024-05-24 00:59:29.873 DEBUG 11720 --- [main] o.h.cfg.annotations.PropertyBinder       : Building property state
2024-05-24 00:59:29.873 DEBUG 11720 --- [main] org.hibernate.cfg.AnnotationBinder       : Binding entity from annotated class: com.myapplication.model.HousingLocation
2024-05-24 00:59:29.873 DEBUG 11720 --- [main] org.hibernate.cfg.Ejb3Column             : Binding column: Ejb3DiscriminatorColumn{logicalColumnName'DTYPE', discriminatorTypeName='string'}
2024-05-24 00:59:29.873 DEBUG 11720 --- [main] o.h.cfg.annotations.EntityBinder         : Import with entity name HousingLocation
2024-05-24 00:59:29.873 DEBUG 11720 --- [main] o.h.cfg.annotations.EntityBinder         : Bind entity com.myapplication.model.HousingLocation on table Housing_Location
2024-05-24 00:59:29.874 DEBUG 11720 --- [main] org.hibernate.cfg.Ejb3Column             : Binding column: Ejb3Column{table=org.hibernate.mapping.Table(Housing_Location), mappingColumn=id, insertable=true, updatable=true, unique=false}
2024-05-24 00:59:29.874 DEBUG 11720 --- [main] o.h.cfg.annotations.PropertyBinder       : MetadataSourceProcessor property id with lazy=false
2024-05-24 00:59:29.874 DEBUG 11720 --- [main] o.hibernate.cfg.AbstractPropertyHolder   : Attempting to locate auto-apply AttributeConverter for property [com.myapplication.model.HousingLocation:id]
2024-05-24 00:59:29.874 DEBUG 11720 --- [main] o.h.cfg.annotations.SimpleValueBinder    : building SimpleValue for id
2024-05-24 00:59:29.874 DEBUG 11720 --- [main] o.h.cfg.annotations.PropertyBinder       : Building property id
2024-05-24 00:59:29.874 DEBUG 11720 --- [main] org.hibernate.cfg.BinderHelper           : #makeIdGenerator(org.hibernate.mapping.SimpleValue([org.hibernate.mapping.Column(id)]), id, identity, , ...)
2024-05-24 00:59:29.874 DEBUG 11720 --- [main] org.hibernate.cfg.Ejb3Column             : Binding column: Ejb3Column{table=org.hibernate.mapping.Table(Housing_Location), mappingColumn=availableUnits, insertable=true, updatable=true, unique=false}
2024-05-24 00:59:29.874 DEBUG 11720 --- [main] o.h.cfg.annotations.PropertyBinder       : MetadataSourceProcessor property availableUnits with lazy=false
2024-05-24 00:59:29.874 DEBUG 11720 --- [main] o.hibernate.cfg.AbstractPropertyHolder   : Attempting to locate auto-apply AttributeConverter for property [com.myapplication.model.HousingLocation:availableUnits]
2024-05-24 00:59:29.875 DEBUG 11720 --- [main] o.h.cfg.annotations.SimpleValueBinder    : building SimpleValue for availableUnits
2024-05-24 00:59:29.875 DEBUG 11720 --- [main] o.h.cfg.annotations.PropertyBinder       : Building property availableUnits
2024-05-24 00:59:29.875 DEBUG 11720 --- [main] org.hibernate.cfg.Ejb3Column             : Binding column: Ejb3Column{table=org.hibernate.mapping.Table(Housing_Location), mappingColumn=city, insertable=true, updatable=true, unique=false}
2024-05-24 00:59:29.875 DEBUG 11720 --- [main] o.h.cfg.annotations.PropertyBinder       : MetadataSourceProcessor property city with lazy=false
2024-05-24 00:59:29.875 DEBUG 11720 --- [main] o.hibernate.cfg.AbstractPropertyHolder   : Attempting to locate auto-apply AttributeConverter for property [com.myapplication.model.HousingLocation:city]
2024-05-24 00:59:29.875 DEBUG 11720 --- [main] o.h.cfg.annotations.SimpleValueBinder    : building SimpleValue for city
2024-05-24 00:59:29.875 DEBUG 11720 --- [main] o.h.cfg.annotations.PropertyBinder       : Building property city
2024-05-24 00:59:29.875 DEBUG 11720 --- [main] org.hibernate.cfg.Ejb3Column             : Binding column: Ejb3Column{table=org.hibernate.mapping.Table(Housing_Location), mappingColumn=laundry, insertable=true, updatable=true, unique=false}
2024-05-24 00:59:29.875 DEBUG 11720 --- [main] o.h.cfg.annotations.PropertyBinder       : MetadataSourceProcessor property laundry with lazy=false
2024-05-24 00:59:29.875 DEBUG 11720 --- [main] o.hibernate.cfg.AbstractPropertyHolder   : Attempting to locate auto-apply AttributeConverter for property [com.myapplication.model.HousingLocation:laundry]
2024-05-24 00:59:29.875 DEBUG 11720 --- [main] o.h.cfg.annotations.SimpleValueBinder    : building SimpleValue for laundry
2024-05-24 00:59:29.875 DEBUG 11720 --- [main] o.h.cfg.annotations.PropertyBinder       : Building property laundry
2024-05-24 00:59:29.875 DEBUG 11720 --- [main] org.hibernate.cfg.Ejb3Column             : Binding column: Ejb3Column{table=org.hibernate.mapping.Table(Housing_Location), mappingColumn=name, insertable=true, updatable=true, unique=false}
2024-05-24 00:59:29.875 DEBUG 11720 --- [main] o.h.cfg.annotations.PropertyBinder       : MetadataSourceProcessor property name with lazy=false
2024-05-24 00:59:29.875 DEBUG 11720 --- [main] o.hibernate.cfg.AbstractPropertyHolder   : Attempting to locate auto-apply AttributeConverter for property [com.myapplication.model.HousingLocation:name]
2024-05-24 00:59:29.876 DEBUG 11720 --- [main] o.h.cfg.annotations.SimpleValueBinder    : building SimpleValue for name
2024-05-24 00:59:29.876 DEBUG 11720 --- [main] o.h.cfg.annotations.PropertyBinder       : Building property name
2024-05-24 00:59:29.876 DEBUG 11720 --- [main] org.hibernate.cfg.Ejb3Column             : Binding column: Ejb3Column{table=org.hibernate.mapping.Table(Housing_Location), mappingColumn=photo, insertable=true, updatable=true, unique=false}
2024-05-24 00:59:29.876 DEBUG 11720 --- [main] o.h.cfg.annotations.PropertyBinder       : MetadataSourceProcessor property photo with lazy=false
2024-05-24 00:59:29.876 DEBUG 11720 --- [main] o.hibernate.cfg.AbstractPropertyHolder   : Attempting to locate auto-apply AttributeConverter for property [com.myapplication.model.HousingLocation:photo]
2024-05-24 00:59:29.876 DEBUG 11720 --- [main] o.h.cfg.annotations.SimpleValueBinder    : building SimpleValue for photo
2024-05-24 00:59:29.876 DEBUG 11720 --- [main] o.h.cfg.annotations.PropertyBinder       : Building property photo
2024-05-24 00:59:29.876 DEBUG 11720 --- [main] org.hibernate.cfg.Ejb3Column             : Binding column: Ejb3Column{table=org.hibernate.mapping.Table(Housing_Location), mappingColumn=state, insertable=true, updatable=true, unique=false}
2024-05-24 00:59:29.876 DEBUG 11720 --- [main] o.h.cfg.annotations.PropertyBinder       : MetadataSourceProcessor property state with lazy=false
2024-05-24 00:59:29.876 DEBUG 11720 --- [main] o.hibernate.cfg.AbstractPropertyHolder   : Attempting to locate auto-apply AttributeConverter for property [com.myapplication.model.HousingLocation:state]
2024-05-24 00:59:29.876 DEBUG 11720 --- [main] o.h.cfg.annotations.SimpleValueBinder    : building SimpleValue for state
2024-05-24 00:59:29.876 DEBUG 11720 --- [main] o.h.cfg.annotations.PropertyBinder       : Building property state
2024-05-24 00:59:29.876 DEBUG 11720 --- [main] org.hibernate.cfg.Ejb3Column             : Binding column: Ejb3Column{table=org.hibernate.mapping.Table(Housing_Location), mappingColumn=wifi, insertable=true, updatable=true, unique=false}
2024-05-24 00:59:29.878 DEBUG 11720 --- [main] o.h.cfg.annotations.PropertyBinder       : MetadataSourceProcessor property wifi with lazy=false
2024-05-24 00:59:29.878 DEBUG 11720 --- [main] o.hibernate.cfg.AbstractPropertyHolder   : Attempting to locate auto-apply AttributeConverter for property [com.myapplication.model.HousingLocation:wifi]
2024-05-24 00:59:29.878 DEBUG 11720 --- [main] o.h.cfg.annotations.SimpleValueBinder    : building SimpleValue for wifi
2024-05-24 00:59:29.878 DEBUG 11720 --- [main] o.h.cfg.annotations.PropertyBinder       : Building property wifi
2024-05-24 00:59:29.878 DEBUG 11720 --- [main] org.hibernate.cfg.AnnotationBinder       : Binding entity from annotated class: com.myapplication.model.Publication
2024-05-24 00:59:29.878 DEBUG 11720 --- [main] org.hibernate.cfg.Ejb3Column             : Binding column: Ejb3DiscriminatorColumn{logicalColumnName'DTYPE', discriminatorTypeName='string'}
2024-05-24 00:59:29.878 DEBUG 11720 --- [main] o.h.cfg.annotations.EntityBinder         : Import with entity name Publication
2024-05-24 00:59:29.878 DEBUG 11720 --- [main] o.h.cfg.annotations.EntityBinder         : Bind entity com.myapplication.model.Publication on table publication
2024-05-24 00:59:29.879 DEBUG 11720 --- [main] org.hibernate.cfg.Ejb3Column             : Binding column: Ejb3Column{table=org.hibernate.mapping.Table(publication), mappingColumn=id, insertable=true, updatable=true, unique=false}
2024-05-24 00:59:29.879 DEBUG 11720 --- [main] o.h.cfg.annotations.PropertyBinder       : MetadataSourceProcessor property id with lazy=false
2024-05-24 00:59:29.880 DEBUG 11720 --- [main] o.hibernate.cfg.AbstractPropertyHolder   : Attempting to locate auto-apply AttributeConverter for property [com.myapplication.model.Publication:id]
2024-05-24 00:59:29.880 DEBUG 11720 --- [main] o.h.cfg.annotations.SimpleValueBinder    : building SimpleValue for id
2024-05-24 00:59:29.880 DEBUG 11720 --- [main] o.h.cfg.annotations.PropertyBinder       : Building property id
2024-05-24 00:59:29.880 DEBUG 11720 --- [main] org.hibernate.cfg.BinderHelper           : #makeIdGenerator(org.hibernate.mapping.SimpleValue([org.hibernate.mapping.Column(id)]), id, identity, , ...)
2024-05-24 00:59:29.880 DEBUG 11720 --- [main] org.hibernate.cfg.Ejb3Column             : Binding column: Ejb3Column{table=org.hibernate.mapping.Table(publication), mappingColumn=agency, insertable=true, updatable=true, unique=false}
2024-05-24 00:59:29.880 DEBUG 11720 --- [main] o.h.cfg.annotations.PropertyBinder       : MetadataSourceProcessor property agency with lazy=false
2024-05-24 00:59:29.880 DEBUG 11720 --- [main] o.hibernate.cfg.AbstractPropertyHolder   : Attempting to locate auto-apply AttributeConverter for property [com.myapplication.model.Publication:agency]
2024-05-24 00:59:29.880 DEBUG 11720 --- [main] o.h.cfg.annotations.SimpleValueBinder    : building SimpleValue for agency
2024-05-24 00:59:29.880 DEBUG 11720 --- [main] o.h.cfg.annotations.PropertyBinder       : Building property agency
2024-05-24 00:59:29.881 DEBUG 11720 --- [main] org.hibernate.cfg.Ejb3Column             : Binding column: Ejb3Column{table=org.hibernate.mapping.Table(publication), mappingColumn=availableUnits, insertable=true, updatable=true, unique=false}
2024-05-24 00:59:29.881 DEBUG 11720 --- [main] o.h.cfg.annotations.PropertyBinder       : MetadataSourceProcessor property availableUnits with lazy=false
2024-05-24 00:59:29.881 DEBUG 11720 --- [main] o.hibernate.cfg.AbstractPropertyHolder   : Attempting to locate auto-apply AttributeConverter for property [com.myapplication.model.Publication:availableUnits]
2024-05-24 00:59:29.881 DEBUG 11720 --- [main] o.h.cfg.annotations.SimpleValueBinder    : building SimpleValue for availableUnits
2024-05-24 00:59:29.881 DEBUG 11720 --- [main] o.h.cfg.annotations.PropertyBinder       : Building property availableUnits
2024-05-24 00:59:29.881 DEBUG 11720 --- [main] org.hibernate.cfg.Ejb3Column             : Binding column: Ejb3Column{table=org.hibernate.mapping.Table(publication), mappingColumn=carName, insertable=true, updatable=true, unique=false}
2024-05-24 00:59:29.881 DEBUG 11720 --- [main] o.h.cfg.annotations.PropertyBinder       : MetadataSourceProcessor property carName with lazy=false
2024-05-24 00:59:29.881 DEBUG 11720 --- [main] o.hibernate.cfg.AbstractPropertyHolder   : Attempting to locate auto-apply AttributeConverter for property [com.myapplication.model.Publication:carName]
2024-05-24 00:59:29.881 DEBUG 11720 --- [main] o.h.cfg.annotations.SimpleValueBinder    : building SimpleValue for carName
2024-05-24 00:59:29.881 DEBUG 11720 --- [main] o.h.cfg.annotations.PropertyBinder       : Building property carName
2024-05-24 00:59:29.881 DEBUG 11720 --- [main] org.hibernate.cfg.Ejb3Column             : Binding column: Ejb3Column{table=org.hibernate.mapping.Table(publication), mappingColumn=location, insertable=true, updatable=true, unique=false}
2024-05-24 00:59:29.881 DEBUG 11720 --- [main] o.h.cfg.annotations.PropertyBinder       : MetadataSourceProcessor property location with lazy=false
2024-05-24 00:59:29.881 DEBUG 11720 --- [main] o.hibernate.cfg.AbstractPropertyHolder   : Attempting to locate auto-apply AttributeConverter for property [com.myapplication.model.Publication:location]
2024-05-24 00:59:29.881 DEBUG 11720 --- [main] o.h.cfg.annotations.SimpleValueBinder    : building SimpleValue for location
2024-05-24 00:59:29.881 DEBUG 11720 --- [main] o.h.cfg.annotations.PropertyBinder       : Building property location
2024-05-24 00:59:29.882 DEBUG 11720 --- [main] org.hibernate.cfg.Ejb3Column             : Binding column: Ejb3Column{table=org.hibernate.mapping.Table(publication), mappingColumn=photo, insertable=true, updatable=true, unique=false}
2024-05-24 00:59:29.882 DEBUG 11720 --- [main] o.h.cfg.annotations.PropertyBinder       : MetadataSourceProcessor property photo with lazy=false
2024-05-24 00:59:29.882 DEBUG 11720 --- [main] o.hibernate.cfg.AbstractPropertyHolder   : Attempting to locate auto-apply AttributeConverter for property [com.myapplication.model.Publication:photo]
2024-05-24 00:59:29.882 DEBUG 11720 --- [main] o.h.cfg.annotations.SimpleValueBinder    : building SimpleValue for photo
2024-05-24 00:59:29.882 DEBUG 11720 --- [main] o.h.cfg.annotations.PropertyBinder       : Building property photo
2024-05-24 00:59:29.882 DEBUG 11720 --- [main] org.hibernate.cfg.Ejb3Column             : Binding column: Ejb3Column{table=org.hibernate.mapping.Table(publication), mappingColumn=price, insertable=true, updatable=true, unique=false}
2024-05-24 00:59:29.882 DEBUG 11720 --- [main] o.h.cfg.annotations.PropertyBinder       : MetadataSourceProcessor property price with lazy=false
2024-05-24 00:59:29.882 DEBUG 11720 --- [main] o.hibernate.cfg.AbstractPropertyHolder   : Attempting to locate auto-apply AttributeConverter for property [com.myapplication.model.Publication:price]
2024-05-24 00:59:29.882 DEBUG 11720 --- [main] o.h.cfg.annotations.SimpleValueBinder    : building SimpleValue for price
2024-05-24 00:59:29.882 DEBUG 11720 --- [main] o.h.cfg.annotations.PropertyBinder       : Building property price
2024-05-24 00:59:29.882 DEBUG 11720 --- [main] org.hibernate.cfg.AnnotationBinder       : Binding entity from annotated class: com.myapplication.model.User
2024-05-24 00:59:29.882 DEBUG 11720 --- [main] org.hibernate.cfg.Ejb3Column             : Binding column: Ejb3DiscriminatorColumn{logicalColumnName'DTYPE', discriminatorTypeName='string'}
2024-05-24 00:59:29.882 DEBUG 11720 --- [main] o.h.cfg.annotations.EntityBinder         : Import with entity name User
2024-05-24 00:59:29.882 DEBUG 11720 --- [main] o.h.cfg.annotations.EntityBinder         : Bind entity com.myapplication.model.User on table USER
2024-05-24 00:59:29.891 DEBUG 11720 --- [main] org.hibernate.cfg.Ejb3Column             : Binding column: Ejb3Column{table=org.hibernate.mapping.Table(USER), mappingColumn=ID, insertable=true, updatable=true, unique=false}
2024-05-24 00:59:29.891 DEBUG 11720 --- [main] o.h.cfg.annotations.PropertyBinder       : MetadataSourceProcessor property id with lazy=false
2024-05-24 00:59:29.891 DEBUG 11720 --- [main] o.hibernate.cfg.AbstractPropertyHolder   : Attempting to locate auto-apply AttributeConverter for property [com.myapplication.model.User:id]
2024-05-24 00:59:29.891 DEBUG 11720 --- [main] o.h.cfg.annotations.SimpleValueBinder    : building SimpleValue for id
2024-05-24 00:59:29.891 DEBUG 11720 --- [main] o.h.cfg.annotations.PropertyBinder       : Building property id
2024-05-24 00:59:29.891 DEBUG 11720 --- [main] org.hibernate.cfg.BinderHelper           : #makeIdGenerator(org.hibernate.mapping.SimpleValue([org.hibernate.mapping.Column(ID)]), id, identity, , ...)
2024-05-24 00:59:29.891 DEBUG 11720 --- [main] org.hibernate.cfg.Ejb3Column             : Binding column: Ejb3Column{table=org.hibernate.mapping.Table(USER), mappingColumn=ACCOUNT_EXPIRED, insertable=true, updatable=true, unique=false}
2024-05-24 00:59:29.891 DEBUG 11720 --- [main] o.h.cfg.annotations.PropertyBinder       : MetadataSourceProcessor property accountExpired with lazy=false
2024-05-24 00:59:29.891 DEBUG 11720 --- [main] o.hibernate.cfg.AbstractPropertyHolder   : Attempting to locate auto-apply AttributeConverter for property [com.myapplication.model.User:accountExpired]
2024-05-24 00:59:29.891 DEBUG 11720 --- [main] o.h.cfg.annotations.SimpleValueBinder    : building SimpleValue for accountExpired
2024-05-24 00:59:29.891 DEBUG 11720 --- [main] o.h.cfg.annotations.PropertyBinder       : Building property accountExpired
2024-05-24 00:59:29.891 DEBUG 11720 --- [main] org.hibernate.cfg.Ejb3Column             : Binding column: Ejb3Column{table=org.hibernate.mapping.Table(USER), mappingColumn=ACCOUNT_LOCKED, insertable=true, updatable=true, unique=false}
2024-05-24 00:59:29.892 DEBUG 11720 --- [main] o.h.cfg.annotations.PropertyBinder       : MetadataSourceProcessor property accountLocked with lazy=false
2024-05-24 00:59:29.892 DEBUG 11720 --- [main] o.hibernate.cfg.AbstractPropertyHolder   : Attempting to locate auto-apply AttributeConverter for property [com.myapplication.model.User:accountLocked]
2024-05-24 00:59:29.892 DEBUG 11720 --- [main] o.h.cfg.annotations.SimpleValueBinder    : building SimpleValue for accountLocked
2024-05-24 00:59:29.892 DEBUG 11720 --- [main] o.h.cfg.annotations.PropertyBinder       : Building property accountLocked
2024-05-24 00:59:29.894 DEBUG 11720 --- [main] org.hibernate.cfg.Ejb3Column             : Binding column: Ejb3Column{table=org.hibernate.mapping.Table(USER), mappingColumn=null, insertable=true, updatable=true, unique=false}
2024-05-24 00:59:29.904 DEBUG 11720 --- [main] org.hibernate.cfg.Ejb3Column             : Binding column: Ejb3Column{table=org.hibernate.mapping.Table(USER), mappingColumn=element, insertable=true, updatable=true, unique=false}
2024-05-24 00:59:29.904 DEBUG 11720 --- [main] org.hibernate.cfg.Ejb3Column             : Binding column: Ejb3Column{table=org.hibernate.mapping.Table(USER), mappingColumn=authorities_KEY, insertable=true, updatable=true, unique=false}
2024-05-24 00:59:29.904 DEBUG 11720 --- [main] org.hibernate.cfg.Ejb3Column             : Binding column: Ejb3JoinColumn{logicalColumnName='authorities_KEY', referencedColumn='null', mappedBy='null'}
2024-05-24 00:59:29.905 DEBUG 11720 --- [main] org.hibernate.cfg.Ejb3Column             : Binding column: Ejb3JoinColumn{logicalColumnName='USER_ID', referencedColumn='ID', mappedBy=''}
2024-05-24 00:59:29.905 DEBUG 11720 --- [main] org.hibernate.cfg.Ejb3Column             : Binding column: Ejb3JoinColumn{logicalColumnName='AUTHORITY_ID', referencedColumn='ID', mappedBy=''}
2024-05-24 00:59:29.905 DEBUG 11720 --- [main] o.h.cfg.annotations.CollectionBinder     : Collection role: com.myapplication.model.User.authorities
2024-05-24 00:59:29.908 DEBUG 11720 --- [main] o.h.cfg.annotations.PropertyBinder       : Building property authorities
2024-05-24 00:59:29.908 DEBUG 11720 --- [main] org.hibernate.cfg.Ejb3Column             : Binding column: Ejb3Column{table=org.hibernate.mapping.Table(USER), mappingColumn=CREDENTIALS_EXPIRED, insertable=true, updatable=true, unique=false}
2024-05-24 00:59:29.908 DEBUG 11720 --- [main] o.h.cfg.annotations.PropertyBinder       : MetadataSourceProcessor property credentialsExpired with lazy=false
2024-05-24 00:59:29.908 DEBUG 11720 --- [main] o.hibernate.cfg.AbstractPropertyHolder   : Attempting to locate auto-apply AttributeConverter for property [com.myapplication.model.User:credentialsExpired]
2024-05-24 00:59:29.908 DEBUG 11720 --- [main] o.h.cfg.annotations.SimpleValueBinder    : building SimpleValue for credentialsExpired
2024-05-24 00:59:29.908 DEBUG 11720 --- [main] o.h.cfg.annotations.PropertyBinder       : Building property credentialsExpired
2024-05-24 00:59:29.909 DEBUG 11720 --- [main] org.hibernate.cfg.Ejb3Column             : Binding column: Ejb3Column{table=org.hibernate.mapping.Table(USER), mappingColumn=enabled, insertable=true, updatable=true, unique=false}
2024-05-24 00:59:29.909 DEBUG 11720 --- [main] o.h.cfg.annotations.PropertyBinder       : MetadataSourceProcessor property enabled with lazy=false
2024-05-24 00:59:29.909 DEBUG 11720 --- [main] o.hibernate.cfg.AbstractPropertyHolder   : Attempting to locate auto-apply AttributeConverter for property [com.myapplication.model.User:enabled]
2024-05-24 00:59:29.909 DEBUG 11720 --- [main] o.h.cfg.annotations.SimpleValueBinder    : building SimpleValue for enabled
2024-05-24 00:59:29.909 DEBUG 11720 --- [main] o.h.cfg.annotations.PropertyBinder       : Building property enabled
2024-05-24 00:59:29.909 DEBUG 11720 --- [main] org.hibernate.cfg.Ejb3Column             : Binding column: Ejb3Column{table=org.hibernate.mapping.Table(USER), mappingColumn=PASSWORD, insertable=true, updatable=true, unique=false}
2024-05-24 00:59:29.909 DEBUG 11720 --- [main] o.h.cfg.annotations.PropertyBinder       : MetadataSourceProcessor property password with lazy=false
2024-05-24 00:59:29.909 DEBUG 11720 --- [main] o.hibernate.cfg.AbstractPropertyHolder   : Attempting to locate auto-apply AttributeConverter for property [com.myapplication.model.User:password]
2024-05-24 00:59:29.909 DEBUG 11720 --- [main] o.h.cfg.annotations.SimpleValueBinder    : building SimpleValue for password
2024-05-24 00:59:29.909 DEBUG 11720 --- [main] o.h.cfg.annotations.PropertyBinder       : Building property password
2024-05-24 00:59:29.909 DEBUG 11720 --- [main] org.hibernate.cfg.Ejb3Column             : Binding column: Ejb3Column{table=org.hibernate.mapping.Table(USER), mappingColumn=USER_NAME, insertable=true, updatable=true, unique=false}
2024-05-24 00:59:29.909 DEBUG 11720 --- [main] o.h.cfg.annotations.PropertyBinder       : MetadataSourceProcessor property username with lazy=false
2024-05-24 00:59:29.909 DEBUG 11720 --- [main] o.hibernate.cfg.AbstractPropertyHolder   : Attempting to locate auto-apply AttributeConverter for property [com.myapplication.model.User:username]
2024-05-24 00:59:29.909 DEBUG 11720 --- [main] o.h.cfg.annotations.SimpleValueBinder    : building SimpleValue for username
2024-05-24 00:59:29.909 DEBUG 11720 --- [main] o.h.cfg.annotations.PropertyBinder       : Building property username
2024-05-24 00:59:29.910 DEBUG 11720 --- [main] o.h.cfg.annotations.SimpleValueBinder    : Starting fillSimpleValue for id
2024-05-24 00:59:29.910 DEBUG 11720 --- [main] o.h.cfg.annotations.SimpleValueBinder    : Starting fillSimpleValue for name
2024-05-24 00:59:29.910 DEBUG 11720 --- [main] o.h.cfg.annotations.SimpleValueBinder    : Starting fillSimpleValue for id
2024-05-24 00:59:29.910 DEBUG 11720 --- [main] o.h.cfg.annotations.SimpleValueBinder    : Starting fillSimpleValue for cellphone
2024-05-24 00:59:29.910 DEBUG 11720 --- [main] o.h.cfg.annotations.SimpleValueBinder    : Starting fillSimpleValue for city
2024-05-24 00:59:29.910 DEBUG 11720 --- [main] o.h.cfg.annotations.SimpleValueBinder    : Starting fillSimpleValue for email
2024-05-24 00:59:29.910 DEBUG 11720 --- [main] o.h.cfg.annotations.SimpleValueBinder    : Starting fillSimpleValue for name
2024-05-24 00:59:29.910 DEBUG 11720 --- [main] o.h.cfg.annotations.SimpleValueBinder    : Starting fillSimpleValue for photo
2024-05-24 00:59:29.910 DEBUG 11720 --- [main] o.h.cfg.annotations.SimpleValueBinder    : Starting fillSimpleValue for state
2024-05-24 00:59:29.910 DEBUG 11720 --- [main] o.h.cfg.annotations.SimpleValueBinder    : Starting fillSimpleValue for id
2024-05-24 00:59:29.910 DEBUG 11720 --- [main] o.h.cfg.annotations.SimpleValueBinder    : Starting fillSimpleValue for availableUnits
2024-05-24 00:59:29.910 DEBUG 11720 --- [main] o.h.cfg.annotations.SimpleValueBinder    : Starting fillSimpleValue for city
2024-05-24 00:59:29.910 DEBUG 11720 --- [main] o.h.cfg.annotations.SimpleValueBinder    : Starting fillSimpleValue for laundry
2024-05-24 00:59:29.910 DEBUG 11720 --- [main] o.h.cfg.annotations.SimpleValueBinder    : Starting fillSimpleValue for name
2024-05-24 00:59:29.910 DEBUG 11720 --- [main] o.h.cfg.annotations.SimpleValueBinder    : Starting fillSimpleValue for photo
2024-05-24 00:59:29.910 DEBUG 11720 --- [main] o.h.cfg.annotations.SimpleValueBinder    : Starting fillSimpleValue for state
2024-05-24 00:59:29.911 DEBUG 11720 --- [main] o.h.cfg.annotations.SimpleValueBinder    : Starting fillSimpleValue for wifi
2024-05-24 00:59:29.911 DEBUG 11720 --- [main] o.h.cfg.annotations.SimpleValueBinder    : Starting fillSimpleValue for id
2024-05-24 00:59:29.911 DEBUG 11720 --- [main] o.h.cfg.annotations.SimpleValueBinder    : Starting fillSimpleValue for agency
2024-05-24 00:59:29.911 DEBUG 11720 --- [main] o.h.cfg.annotations.SimpleValueBinder    : Starting fillSimpleValue for availableUnits
2024-05-24 00:59:29.911 DEBUG 11720 --- [main] o.h.cfg.annotations.SimpleValueBinder    : Starting fillSimpleValue for carName
2024-05-24 00:59:29.911 DEBUG 11720 --- [main] o.h.cfg.annotations.SimpleValueBinder    : Starting fillSimpleValue for location
2024-05-24 00:59:29.911 DEBUG 11720 --- [main] o.h.cfg.annotations.SimpleValueBinder    : Starting fillSimpleValue for photo
2024-05-24 00:59:29.911 DEBUG 11720 --- [main] o.h.cfg.annotations.SimpleValueBinder    : Starting fillSimpleValue for price
2024-05-24 00:59:29.911 DEBUG 11720 --- [main] o.h.cfg.annotations.SimpleValueBinder    : Starting fillSimpleValue for id
2024-05-24 00:59:29.911 DEBUG 11720 --- [main] o.h.cfg.annotations.SimpleValueBinder    : Starting fillSimpleValue for accountExpired
2024-05-24 00:59:29.911 DEBUG 11720 --- [main] o.h.cfg.annotations.SimpleValueBinder    : Starting fillSimpleValue for accountLocked
2024-05-24 00:59:29.911 DEBUG 11720 --- [main] o.h.cfg.annotations.SimpleValueBinder    : Starting fillSimpleValue for credentialsExpired
2024-05-24 00:59:29.911 DEBUG 11720 --- [main] o.h.cfg.annotations.SimpleValueBinder    : Starting fillSimpleValue for enabled
2024-05-24 00:59:29.911 DEBUG 11720 --- [main] o.h.cfg.annotations.SimpleValueBinder    : Starting fillSimpleValue for password
2024-05-24 00:59:29.911 DEBUG 11720 --- [main] o.h.cfg.annotations.SimpleValueBinder    : Starting fillSimpleValue for username
2024-05-24 00:59:29.917 DEBUG 11720 --- [main] org.hibernate.mapping.PrimaryKey         : Forcing column [id] to be non-null as it is part of the primary key for table [authority]
2024-05-24 00:59:29.917 DEBUG 11720 --- [main] org.hibernate.mapping.PrimaryKey         : Forcing column [id] to be non-null as it is part of the primary key for table [customer]
2024-05-24 00:59:29.917 DEBUG 11720 --- [main] org.hibernate.mapping.PrimaryKey         : Forcing column [id] to be non-null as it is part of the primary key for table [housing_location]
2024-05-24 00:59:29.917 DEBUG 11720 --- [main] org.hibernate.mapping.PrimaryKey         : Forcing column [id] to be non-null as it is part of the primary key for table [publication]
2024-05-24 00:59:29.917 DEBUG 11720 --- [main] org.hibernate.mapping.PrimaryKey         : Forcing column [id] to be non-null as it is part of the primary key for table [user]
2024-05-24 00:59:29.917 DEBUG 11720 --- [main] org.hibernate.cfg.CollectionSecondPass   : Second pass for collection: com.myapplication.model.User.authorities
2024-05-24 00:59:29.917 DEBUG 11720 --- [main] o.h.cfg.annotations.CollectionBinder     : Binding as ManyToMany: com.myapplication.model.User.authorities
2024-05-24 00:59:29.921 DEBUG 11720 --- [main] org.hibernate.cfg.CollectionSecondPass   : Mapped collection key: USER_ID, element: AUTHORITY_ID
2024-05-24 00:59:29.921 DEBUG 11720 --- [main] o.h.b.i.InFlightMetadataCollectorImpl    : Resolving reference to class: com.myapplication.model.Publication
2024-05-24 00:59:29.924 DEBUG 11720 --- [main] o.h.b.i.InFlightMetadataCollectorImpl    : Resolving reference to class: com.myapplication.model.Authority
2024-05-24 00:59:29.925 DEBUG 11720 --- [main] o.h.b.i.InFlightMetadataCollectorImpl    : Resolving reference to class: com.myapplication.model.User
2024-05-24 00:59:29.927 DEBUG 11720 --- [main] o.h.b.i.InFlightMetadataCollectorImpl    : Resolving reference to class: com.myapplication.model.Publication
2024-05-24 00:59:29.927 DEBUG 11720 --- [main] o.h.b.i.InFlightMetadataCollectorImpl    : Resolving reference to class: com.myapplication.model.Authority
2024-05-24 00:59:29.927 DEBUG 11720 --- [main] o.h.b.i.InFlightMetadataCollectorImpl    : Resolving reference to class: com.myapplication.model.User
2024-05-24 00:59:29.963 DEBUG 11720 --- [main] o.hibernate.internal.SessionFactoryImpl  : Building session factory
2024-05-24 00:59:29.964 DEBUG 11720 --- [main] org.hibernate.cfg.Settings               : SessionFactory name : null
2024-05-24 00:59:29.964 DEBUG 11720 --- [main] org.hibernate.cfg.Settings               : Automatic flush during beforeCompletion(): enabled
2024-05-24 00:59:29.964 DEBUG 11720 --- [main] org.hibernate.cfg.Settings               : Automatic session close at end of transaction: disabled
2024-05-24 00:59:29.964 DEBUG 11720 --- [main] org.hibernate.cfg.Settings               : Statistics: disabled
2024-05-24 00:59:29.964 DEBUG 11720 --- [main] org.hibernate.cfg.Settings               : Deleted entity synthetic identifier rollback: disabled
2024-05-24 00:59:29.964 DEBUG 11720 --- [main] org.hibernate.cfg.Settings               : Default entity-mode: pojo
2024-05-24 00:59:29.964 DEBUG 11720 --- [main] org.hibernate.cfg.Settings               : Check Nullability in Core (should be disabled when Bean Validation is on): enabled
2024-05-24 00:59:29.964 DEBUG 11720 --- [main] org.hibernate.cfg.Settings               : Allow initialization of lazy state outside session : disabled
2024-05-24 00:59:29.966 DEBUG 11720 --- [main] org.hibernate.cfg.Settings               : Using BatchFetchStyle : LEGACY
2024-05-24 00:59:29.966 DEBUG 11720 --- [main] org.hibernate.cfg.Settings               : Default batch fetch size: -1
2024-05-24 00:59:29.966 DEBUG 11720 --- [main] org.hibernate.cfg.Settings               : Maximum outer join fetch depth: 2
2024-05-24 00:59:29.966 DEBUG 11720 --- [main] org.hibernate.cfg.Settings               : Default null ordering: NONE
2024-05-24 00:59:29.966 DEBUG 11720 --- [main] org.hibernate.cfg.Settings               : Order SQL updates by primary key: disabled
2024-05-24 00:59:29.966 DEBUG 11720 --- [main] org.hibernate.cfg.Settings               : Order SQL inserts for batching: disabled
2024-05-24 00:59:29.966 DEBUG 11720 --- [main] org.hibernate.cfg.Settings               : multi-tenancy strategy : NONE
2024-05-24 00:59:29.966 DEBUG 11720 --- [main] org.hibernate.cfg.Settings               : JTA Track by Thread: enabled
2024-05-24 00:59:29.966 DEBUG 11720 --- [main] org.hibernate.cfg.Settings               : Query language substitutions: {}
2024-05-24 00:59:29.966 DEBUG 11720 --- [main] org.hibernate.cfg.Settings               : Named query checking : enabled
2024-05-24 00:59:29.966 DEBUG 11720 --- [main] org.hibernate.cfg.Settings               : Second-level cache: disabled
2024-05-24 00:59:29.966 DEBUG 11720 --- [main] org.hibernate.cfg.Settings               : Second-level query cache: disabled
2024-05-24 00:59:29.966 DEBUG 11720 --- [main] org.hibernate.cfg.Settings               : Second-level query cache factory: null
2024-05-24 00:59:29.966 DEBUG 11720 --- [main] org.hibernate.cfg.Settings               : Second-level cache region prefix: null
2024-05-24 00:59:29.966 DEBUG 11720 --- [main] org.hibernate.cfg.Settings               : Optimize second-level cache for minimal puts: disabled
2024-05-24 00:59:29.966 DEBUG 11720 --- [main] org.hibernate.cfg.Settings               : Structured second-level cache entries: disabled
2024-05-24 00:59:29.966 DEBUG 11720 --- [main] org.hibernate.cfg.Settings               : Second-level cache direct-reference entries: disabled
2024-05-24 00:59:29.966 DEBUG 11720 --- [main] org.hibernate.cfg.Settings               : Automatic eviction of collection cache: disabled
2024-05-24 00:59:29.966 DEBUG 11720 --- [main] org.hibernate.cfg.Settings               : JDBC batch size: 15
2024-05-24 00:59:29.966 DEBUG 11720 --- [main] org.hibernate.cfg.Settings               : JDBC batch updates for versioned data: enabled
2024-05-24 00:59:29.966 DEBUG 11720 --- [main] org.hibernate.cfg.Settings               : Scrollable result sets: enabled
2024-05-24 00:59:29.966 DEBUG 11720 --- [main] org.hibernate.cfg.Settings               : Wrap result sets: disabled
2024-05-24 00:59:29.966 DEBUG 11720 --- [main] org.hibernate.cfg.Settings               : JDBC3 getGeneratedKeys(): enabled
2024-05-24 00:59:29.966 DEBUG 11720 --- [main] org.hibernate.cfg.Settings               : JDBC result set fetch size: null
2024-05-24 00:59:29.966 DEBUG 11720 --- [main] org.hibernate.cfg.Settings               : Connection release mode: ON_CLOSE
2024-05-24 00:59:29.966 DEBUG 11720 --- [main] org.hibernate.cfg.Settings               : Generate SQL with comments: disabled
2024-05-24 00:59:29.966 DEBUG 11720 --- [main] org.hibernate.cfg.Settings               : JPA compliance - query : disabled
2024-05-24 00:59:29.966 DEBUG 11720 --- [main] org.hibernate.cfg.Settings               : JPA compliance - closed-handling : disabled
2024-05-24 00:59:29.966 DEBUG 11720 --- [main] org.hibernate.cfg.Settings               : JPA compliance - lists : disabled
2024-05-24 00:59:29.966 DEBUG 11720 --- [main] org.hibernate.cfg.Settings               : JPA compliance - transactions : disabled
2024-05-24 00:59:30.051 DEBUG 11720 --- [main] o.hibernate.internal.SessionFactoryImpl  : Session factory constructed with filter configurations : {}
2024-05-24 00:59:30.051 DEBUG 11720 --- [main] o.hibernate.internal.SessionFactoryImpl  : Instantiating session factory with properties: {java.specification.version=17, sun.cpu.isalist=amd64, hibernate.resource.beans.container=org.springframework.orm.hibernate5.SpringBeanContainer@537b3be1, hibernate.connection.handling_mode=DELAYED_ACQUISITION_AND_HOLD, sun.jnu.encoding=Cp1252, hibernate.dialect=org.hibernate.dialect.MySQLDialect, java.class.path=C:\Users\retro\eclipse-workspace\my-rest-application\target\classes;C:\Users\retro\.m2\repository\org\springframework\boot\spring-boot-starter-web\2.3.0.RELEASE\spring-boot-starter-web-2.3.0.RELEASE.jar;C:\Users\retro\.m2\repository\org\springframework\boot\spring-boot-starter\2.3.0.RELEASE\spring-boot-starter-2.3.0.RELEASE.jar;C:\Users\retro\.m2\repository\org\springframework\boot\spring-boot\2.3.0.RELEASE\spring-boot-2.3.0.RELEASE.jar;C:\Users\retro\.m2\repository\org\springframework\boot\spring-boot-autoconfigure\2.3.0.RELEASE\spring-boot-autoconfigure-2.3.0.RELEASE.jar;C:\Users\retro\.m2\repository\org\springframework\boot\spring-boot-starter-logging\2.3.0.RELEASE\spring-boot-starter-logging-2.3.0.RELEASE.jar;C:\Users\retro\.m2\repository\ch\qos\logback\logback-classic\1.2.3\logback-classic-1.2.3.jar;C:\Users\retro\.m2\repository\ch\qos\logback\logback-core\1.2.3\logback-core-1.2.3.jar;C:\Users\retro\.m2\repository\org\apache\logging\log4j\log4j-to-slf4j\2.13.2\log4j-to-slf4j-2.13.2.jar;C:\Users\retro\.m2\repository\org\apache\logging\log4j\log4j-api\2.13.2\log4j-api-2.13.2.jar;C:\Users\retro\.m2\repository\org\slf4j\jul-to-slf4j\1.7.30\jul-to-slf4j-1.7.30.jar;C:\Users\retro\.m2\repository\jakarta\annotation\jakarta.annotation-api\1.3.5\jakarta.annotation-api-1.3.5.jar;C:\Users\retro\.m2\repository\org\yaml\snakeyaml\1.26\snakeyaml-1.26.jar;C:\Users\retro\.m2\repository\org\springframework\boot\spring-boot-starter-json\2.3.0.RELEASE\spring-boot-starter-json-2.3.0.RELEASE.jar;C:\Users\retro\.m2\repository\com\fasterxml\jackson\core\jackson-databind\2.11.0\jackson-databind-2.11.0.jar;C:\Users\retro\.m2\repository\com\fasterxml\jackson\core\jackson-annotations\2.11.0\jackson-annotations-2.11.0.jar;C:\Users\retro\.m2\repository\com\fasterxml\jackson\core\jackson-core\2.11.0\jackson-core-2.11.0.jar;C:\Users\retro\.m2\repository\com\fasterxml\jackson\datatype\jackson-datatype-jdk8\2.11.0\jackson-datatype-jdk8-2.11.0.jar;C:\Users\retro\.m2\repository\com\fasterxml\jackson\datatype\jackson-datatype-jsr310\2.11.0\jackson-datatype-jsr310-2.11.0.jar;C:\Users\retro\.m2\repository\com\fasterxml\jackson\module\jackson-module-parameter-names\2.11.0\jackson-module-parameter-names-2.11.0.jar;C:\Users\retro\.m2\repository\org\springframework\boot\spring-boot-starter-tomcat\2.3.0.RELEASE\spring-boot-starter-tomcat-2.3.0.RELEASE.jar;C:\Users\retro\.m2\repository\org\apache\tomcat\embed\tomcat-embed-core\9.0.35\tomcat-embed-core-9.0.35.jar;C:\Users\retro\.m2\repository\org\glassfish\jakarta.el\3.0.3\jakarta.el-3.0.3.jar;C:\Users\retro\.m2\repository\org\apache\tomcat\embed\tomcat-embed-websocket\9.0.35\tomcat-embed-websocket-9.0.35.jar;C:\Users\retro\.m2\repository\org\springframework\spring-web\5.2.6.RELEASE\spring-web-5.2.6.RELEASE.jar;C:\Users\retro\.m2\repository\org\springframework\spring-webmvc\5.2.6.RELEASE\spring-webmvc-5.2.6.RELEASE.jar;C:\Users\retro\.m2\repository\org\springframework\boot\spring-boot-starter-data-jpa\2.3.0.RELEASE\spring-boot-starter-data-jpa-2.3.0.RELEASE.jar;C:\Users\retro\.m2\repository\org\springframework\boot\spring-boot-starter-aop\2.3.0.RELEASE\spring-boot-starter-aop-2.3.0.RELEASE.jar;C:\Users\retro\.m2\repository\org\aspectj\aspectjweaver\1.9.5\aspectjweaver-1.9.5.jar;C:\Users\retro\.m2\repository\org\springframework\boot\spring-boot-starter-jdbc\2.3.0.RELEASE\spring-boot-starter-jdbc-2.3.0.RELEASE.jar;C:\Users\retro\.m2\repository\com\zaxxer\HikariCP\3.4.5\HikariCP-3.4.5.jar;C:\Users\retro\.m2\repository\org\springframework\spring-jdbc\5.2.6.RELEASE\spring-jdbc-5.2.6.RELEASE.jar;C:\Users\retro\.m2\repository\jakarta\transaction\jakarta.transaction-api\1.3.3\jakarta.transaction-api-1.3.3.jar;C:\Users\retro\.m2\repository\jakarta\persistence\jakarta.persistence-api\2.2.3\jakarta.persistence-api-2.2.3.jar;C:\Users\retro\.m2\repository\org\hibernate\hibernate-core\5.4.15.Final\hibernate-core-5.4.15.Final.jar;C:\Users\retro\.m2\repository\org\jboss\logging\jboss-logging\3.4.1.Final\jboss-logging-3.4.1.Final.jar;C:\Users\retro\.m2\repository\org\javassist\javassist\3.24.0-GA\javassist-3.24.0-GA.jar;C:\Users\retro\.m2\repository\net\bytebuddy\byte-buddy\1.10.10\byte-buddy-1.10.10.jar;C:\Users\retro\.m2\repository\antlr\antlr\2.7.7\antlr-2.7.7.jar;C:\Users\retro\.m2\repository\org\jboss\jandex\2.1.3.Final\jandex-2.1.3.Final.jar;C:\Users\retro\.m2\repository\com\fasterxml\classmate\1.5.1\classmate-1.5.1.jar;C:\Users\retro\.m2\repository\org\dom4j\dom4j\2.1.3\dom4j-2.1.3.jar;C:\Users\retro\.m2\repository\org\hibernate\common\hibernate-commons-annotations\5.1.0.Final\hibernate-commons-annotations-5.1.0.Final.jar;C:\Users\retro\.m2\repository\org\glassfish\jaxb\jaxb-runtime\2.3.3\jaxb-runtime-2.3.3.jar;C:\Users\retro\.m2\repository\jakarta\xml\bind\jakarta.xml.bind-api\2.3.3\jakarta.xml.bind-api-2.3.3.jar;C:\Users\retro\.m2\repository\org\glassfish\jaxb\txw2\2.3.3\txw2-2.3.3.jar;C:\Users\retro\.m2\repository\com\sun\istack\istack-commons-runtime\3.0.11\istack-commons-runtime-3.0.11.jar;C:\Users\retro\.m2\repository\org\springframework\data\spring-data-jpa\2.3.0.RELEASE\spring-data-jpa-2.3.0.RELEASE.jar;C:\Users\retro\.m2\repository\org\springframework\data\spring-data-commons\2.3.0.RELEASE\spring-data-commons-2.3.0.RELEASE.jar;C:\Users\retro\.m2\repository\org\springframework\spring-orm\5.2.6.RELEASE\spring-orm-5.2.6.RELEASE.jar;C:\Users\retro\.m2\repository\org\springframework\spring-tx\5.2.6.RELEASE\spring-tx-5.2.6.RELEASE.jar;C:\Users\retro\.m2\repository\org\slf4j\slf4j-api\1.7.30\slf4j-api-1.7.30.jar;C:\Users\retro\.m2\repository\org\springframework\spring-aspects\5.2.6.RELEASE\spring-aspects-5.2.6.RELEASE.jar;C:\Users\retro\.m2\repository\com\mysql\mysql-connector-j\8.0.33\mysql-connector-j-8.0.33.jar;C:\Users\retro\.m2\repository\org\springframework\boot\spring-boot-starter-security\2.3.0.RELEASE\spring-boot-starter-security-2.3.0.RELEASE.jar;C:\Users\retro\.m2\repository\org\springframework\spring-aop\5.2.6.RELEASE\spring-aop-5.2.6.RELEASE.jar;C:\Users\retro\.m2\repository\org\springframework\security\spring-security-web\5.3.2.RELEASE\spring-security-web-5.3.2.RELEASE.jar;C:\Users\retro\.m2\repository\org\springframework\security\oauth\spring-security-oauth2\2.1.0.RELEASE\spring-security-oauth2-2.1.0.RELEASE.jar;C:\Users\retro\.m2\repository\org\springframework\spring-beans\5.2.6.RELEASE\spring-beans-5.2.6.RELEASE.jar;C:\Users\retro\.m2\repository\org\springframework\spring-core\5.2.6.RELEASE\spring-core-5.2.6.RELEASE.jar;C:\Users\retro\.m2\repository\org\springframework\spring-jcl\5.2.6.RELEASE\spring-jcl-5.2.6.RELEASE.jar;C:\Users\retro\.m2\repository\org\springframework\spring-context\5.2.6.RELEASE\spring-context-5.2.6.RELEASE.jar;C:\Users\retro\.m2\repository\commons-codec\commons-codec\1.14\commons-codec-1.14.jar;C:\Users\retro\.m2\repository\org\codehaus\jackson\jackson-mapper-asl\1.9.13\jackson-mapper-asl-1.9.13.jar;C:\Users\retro\.m2\repository\org\codehaus\jackson\jackson-core-asl\1.9.13\jackson-core-asl-1.9.13.jar;C:\Users\retro\.m2\repository\org\springframework\security\spring-security-core\4.0.3.RELEASE\spring-security-core-4.0.3.RELEASE.jar;C:\Users\retro\.m2\repository\aopalliance\aopalliance\1.0\aopalliance-1.0.jar;C:\Users\retro\.m2\repository\org\springframework\spring-expression\5.2.6.RELEASE\spring-expression-5.2.6.RELEASE.jar;C:\Users\retro\.m2\repository\org\springframework\security\spring-security-config\4.2.20.RELEASE\spring-security-config-4.2.20.RELEASE.jar;C:\Users\retro\.m2\repository\org\springframework\boot\spring-boot-starter-oauth2-client\2.3.0.RELEASE\spring-boot-starter-oauth2-client-2.3.0.RELEASE.jar;C:\Users\retro\.m2\repository\com\sun\mail\jakarta.mail\1.6.5\jakarta.mail-1.6.5.jar;C:\Users\retro\.m2\repository\com\sun\activation\jakarta.activation\1.2.2\jakarta.activation-1.2.2.jar;C:\Users\retro\.m2\repository\org\springframework\security\spring-security-oauth2-client\5.3.2.RELEASE\spring-security-oauth2-client-5.3.2.RELEASE.jar;C:\Users\retro\.m2\repository\com\nimbusds\oauth2-oidc-sdk\7.1.1\oauth2-oidc-sdk-7.1.1.jar;C:\Users\retro\.m2\repository\com\github\stephenc\jcip\jcip-annotations\1.0-1\jcip-annotations-1.0-1.jar;C:\Users\retro\.m2\repository\com\nimbusds\content-type\2.0\content-type-2.0.jar;C:\Users\retro\.m2\repository\net\minidev\json-smart\1.3.1\json-smart-1.3.1.jar;C:\Users\retro\.m2\repository\com\nimbusds\lang-tag\1.4.4\lang-tag-1.4.4.jar;C:\Users\retro\.m2\repository\org\springframework\security\spring-security-oauth2-core\5.3.2.RELEASE\spring-security-oauth2-core-5.3.2.RELEASE.jar;C:\Users\retro\.m2\repository\org\springframework\security\spring-security-oauth2-jose\5.3.2.RELEASE\spring-security-oauth2-jose-5.3.2.RELEASE.jar;C:\Users\retro\.m2\repository\com\nimbusds\nimbus-jose-jwt\8.9\nimbus-jose-jwt-8.9.jar, com.sun.management.jmxremote.authenticate=false, java.vm.vendor=Eclipse Adoptium, LOG_PATH=/log, sun.arch.data.model=64, user.variant=, java.vendor.url=https://adoptium.net/, catalina.useNaming=false, user.timezone=America/Mexico_City, java.vm.specification.version=17, os.name=Windows 11, sun.java.launcher=SUN_STANDARD, user.country=MX, sun.boot.library.path=C:\Program Files\Eclipse 4.31.0\eclipse\plugins\org.eclipse.justj.openjdk.hotspot.jre.full.win32.x86_64_17.0.10.v20240120-1143\jre\bin, com.sun.management.jmxremote.ssl=false, sun.java.command=com.myapplication.MyRestApplication --spring.output.ansi.enabled=always, spring.application.admin.enabled=true, com.sun.management.jmxremote=, jdk.debug=release, sun.cpu.endian=little, spring.boot.project.name=my-rest-application, user.home=C:\Users\retro, user.language=es, java.specification.vendor=Oracle Corporation, java.version.date=2024-01-16, java.home=C:\Program Files\Eclipse 4.31.0\eclipse\plugins\org.eclipse.justj.openjdk.hotspot.jre.full.win32.x86_64_17.0.10.v20240120-1143\jre, file.separator=\, java.vm.compressedOopsMode=32-bit, line.separator=
, java.vm.specification.vendor=Oracle Corporation, java.specification.name=Java Platform API Specification, java.awt.headless=true, hibernate.hbm2ddl.auto=update, user.script=, sun.management.compiler=HotSpot 64-Bit Tiered Compilers, java.runtime.version=17.0.10+7, user.name=retro, spring.jmx.enabled=true, stdout.encoding=UTF-8, path.separator=;, management.endpoints.jmx.exposure.include=*, os.version=10.0, java.runtime.name=OpenJDK Runtime Environment, file.encoding=UTF-8, spring.beaninfo.ignore=true, java.vm.name=OpenJDK 64-Bit Server VM, hibernate.show_sql=true, hibernate.classLoaders=[jdk.internal.loader.ClassLoaders$AppClassLoader@21588809], java.vendor.version=Temurin-17.0.10+7, hibernate.current_session_context_class=org.springframework.orm.hibernate5.SpringSessionContext, LOG_FILE=myapp.log, java.vendor.url.bug=https://github.com/adoptium/adoptium-support/issues, java.io.tmpdir=C:\Users\retro\AppData\Local\Temp\, catalina.home=C:\Users\retro\AppData\Local\Temp\tomcat.14339173684808459074.8080, com.sun.management.jmxremote.port=49968, java.version=17.0.10, user.dir=C:\Users\retro\eclipse-workspace\my-rest-application, os.arch=amd64, java.vm.specification.name=Java Virtual Machine Specification, PID=11720, sun.os.patch.level=, catalina.base=C:\Users\retro\AppData\Local\Temp\tomcat.14339173684808459074.8080, hibernate.boot.CfgXmlAccessService.key=org.hibernate.boot.cfgxml.spi.LoadedConfig@15d58530, native.encoding=Cp1252, java.library.path=C:\Program Files\Eclipse 4.31.0\eclipse\plugins\org.eclipse.justj.openjdk.hotspot.jre.full.win32.x86_64_17.0.10.v20240120-1143\jre\bin;C:\WINDOWS\Sun\Java\bin;C:\WINDOWS\system32;C:\WINDOWS;C:\Program Files\Eclipse 4.31.0\eclipse\plugins\org.eclipse.justj.openjdk.hotspot.jre.full.win32.x86_64_17.0.10.v20240120-1143\jre\bin;C:/Program Files/Eclipse 4.31.0/eclipse//plugins/org.eclipse.justj.openjdk.hotspot.jre.full.win32.x86_64_17.0.10.v20240120-1143/jre/bin/server;C:/Program Files/Eclipse 4.31.0/eclipse//plugins/org.eclipse.justj.openjdk.hotspot.jre.full.win32.x86_64_17.0.10.v20240120-1143/jre/bin;C:\Program Files\Microsoft\jdk-17.0.11.9-hotspot\bin;C:\WINDOWS\system32;C:\WINDOWS;C:\WINDOWS\System32\Wbem;C:\WINDOWS\System32\WindowsPowerShell\v1.0\;C:\WINDOWS\System32\OpenSSH\;C:\ProgramData\chocolatey\bin;C:\tools\php83;C:\ProgramData\ComposerSetup\bin;C:\Program Files\nodejs\;C:\Program Files\HP\HP One Agent;C:\Program Files\Microsoft VS Code\bin;C:\Program Files\Git\cmd;C:\Users\retro\.config\herd\bin;C:\Users\retro\AppData\Local\Microsoft\WindowsApps;C:\Users\retro\AppData\Roaming\Composer\vendor\bin;C:\Users\retro\AppData\Roaming\npm;C:\WINDOWS\system32;;., stderr.encoding=UTF-8, java.vendor=Eclipse Adoptium, java.vm.info=mixed mode, emulated-client, java.vm.version=17.0.10+7, hibernate.bytecode.use_reflection_optimizer=false, java.rmi.server.randomIDs=true, java.rmi.server.hostname=localhost, sun.io.unicode.encoding=UnicodeLittle, hibernate.connection.datasource=org.springframework.jdbc.datasource.DriverManagerDataSource@662e682a, java.class.version=61.0}
2024-05-24 00:59:30.069 DEBUG 11720 --- [main] org.hibernate.secure.spi.JaccIntegrator  : Skipping JACC integration as it was not enabled
2024-05-24 00:59:30.071 DEBUG 11720 --- [main] o.hibernate.internal.SessionFactoryImpl  : Instantiated session factory
2024-05-24 00:59:30.071 DEBUG 11720 --- [main] o.h.type.spi.TypeConfiguration$Scope     : Scoping TypeConfiguration [org.hibernate.type.spi.TypeConfiguration@2c77344f] to SessionFactoryImpl [org.hibernate.internal.SessionFactoryImpl@492c9892]
2024-05-24 00:59:30.139 DEBUG 11720 --- [main] o.h.boot.internal.ClassLoaderAccessImpl  : Not known whether passed class name [com.myapplication.model.Authority] is safe
2024-05-24 00:59:30.139 DEBUG 11720 --- [main] o.h.boot.internal.ClassLoaderAccessImpl  : No temp ClassLoader provided; using live ClassLoader for loading potentially unsafe class : com.myapplication.model.Authority
2024-05-24 00:59:30.158 DEBUG 11720 --- [main] o.h.boot.internal.ClassLoaderAccessImpl  : Not known whether passed class name [com.myapplication.model.Authority] is safe
2024-05-24 00:59:30.158 DEBUG 11720 --- [main] o.h.boot.internal.ClassLoaderAccessImpl  : No temp ClassLoader provided; using live ClassLoader for loading potentially unsafe class : com.myapplication.model.Authority
2024-05-24 00:59:30.485 DEBUG 11720 --- [main] o.h.boot.internal.ClassLoaderAccessImpl  : Not known whether passed class name [com.myapplication.model.HousingLocation] is safe
2024-05-24 00:59:30.485 DEBUG 11720 --- [main] o.h.boot.internal.ClassLoaderAccessImpl  : No temp ClassLoader provided; using live ClassLoader for loading potentially unsafe class : com.myapplication.model.HousingLocation
2024-05-24 00:59:30.486 DEBUG 11720 --- [main] o.h.boot.internal.ClassLoaderAccessImpl  : Not known whether passed class name [com.myapplication.model.HousingLocation] is safe
2024-05-24 00:59:30.486 DEBUG 11720 --- [main] o.h.boot.internal.ClassLoaderAccessImpl  : No temp ClassLoader provided; using live ClassLoader for loading potentially unsafe class : com.myapplication.model.HousingLocation
2024-05-24 00:59:30.513 DEBUG 11720 --- [main] o.h.boot.internal.ClassLoaderAccessImpl  : Not known whether passed class name [com.myapplication.model.Customer] is safe
2024-05-24 00:59:30.513 DEBUG 11720 --- [main] o.h.boot.internal.ClassLoaderAccessImpl  : No temp ClassLoader provided; using live ClassLoader for loading potentially unsafe class : com.myapplication.model.Customer
2024-05-24 00:59:30.516 DEBUG 11720 --- [main] o.h.boot.internal.ClassLoaderAccessImpl  : Not known whether passed class name [com.myapplication.model.Customer] is safe
2024-05-24 00:59:30.516 DEBUG 11720 --- [main] o.h.boot.internal.ClassLoaderAccessImpl  : No temp ClassLoader provided; using live ClassLoader for loading potentially unsafe class : com.myapplication.model.Customer
2024-05-24 00:59:30.532 DEBUG 11720 --- [main] o.h.boot.internal.ClassLoaderAccessImpl  : Not known whether passed class name [com.myapplication.model.Publication] is safe
2024-05-24 00:59:30.533 DEBUG 11720 --- [main] o.h.boot.internal.ClassLoaderAccessImpl  : No temp ClassLoader provided; using live ClassLoader for loading potentially unsafe class : com.myapplication.model.Publication
2024-05-24 00:59:30.533 DEBUG 11720 --- [main] o.h.boot.internal.ClassLoaderAccessImpl  : Not known whether passed class name [com.myapplication.model.Publication] is safe
2024-05-24 00:59:30.533 DEBUG 11720 --- [main] o.h.boot.internal.ClassLoaderAccessImpl  : No temp ClassLoader provided; using live ClassLoader for loading potentially unsafe class : com.myapplication.model.Publication
2024-05-24 00:59:30.556 DEBUG 11720 --- [main] o.h.boot.internal.ClassLoaderAccessImpl  : Not known whether passed class name [com.myapplication.model.User] is safe
2024-05-24 00:59:30.556 DEBUG 11720 --- [main] o.h.boot.internal.ClassLoaderAccessImpl  : No temp ClassLoader provided; using live ClassLoader for loading potentially unsafe class : com.myapplication.model.User
2024-05-24 00:59:30.556 DEBUG 11720 --- [main] o.h.boot.internal.ClassLoaderAccessImpl  : Not known whether passed class name [com.myapplication.model.User] is safe
2024-05-24 00:59:30.556 DEBUG 11720 --- [main] o.h.boot.internal.ClassLoaderAccessImpl  : No temp ClassLoader provided; using live ClassLoader for loading potentially unsafe class : com.myapplication.model.User
2024-05-24 00:59:30.592 DEBUG 11720 --- [main] o.h.p.c.AbstractCollectionPersister      : Static SQL for collection: com.myapplication.model.User.authorities
2024-05-24 00:59:30.592 DEBUG 11720 --- [main] o.h.p.c.AbstractCollectionPersister      :  Row insert: insert into USERS_AUTHORITIES (USER_ID, AUTHORITY_ID) values (?, ?)
2024-05-24 00:59:30.592 DEBUG 11720 --- [main] o.h.p.c.AbstractCollectionPersister      :  Row update: update USERS_AUTHORITIES set AUTHORITY_ID=? where USER_ID=? and AUTHORITY_ID=?
2024-05-24 00:59:30.592 DEBUG 11720 --- [main] o.h.p.c.AbstractCollectionPersister      :  Row delete: delete from USERS_AUTHORITIES where USER_ID=? and AUTHORITY_ID=?
2024-05-24 00:59:30.592 DEBUG 11720 --- [main] o.h.p.c.AbstractCollectionPersister      :  One-shot delete: delete from USERS_AUTHORITIES where USER_ID=?
2024-05-24 00:59:30.592 DEBUG 11720 --- [main] o.h.p.c.AbstractCollectionPersister      : Translating many-to-many order-by fragment [null] for collection role : com.myapplication.model.User.authorities
2024-05-24 00:59:30.640 DEBUG 11720 --- [main] o.h.p.entity.AbstractEntityPersister     : Static SQL for entity: com.myapplication.model.Authority
2024-05-24 00:59:30.640 DEBUG 11720 --- [main] o.h.p.entity.AbstractEntityPersister     :  Version select: select ID from AUTHORITY where ID =?
2024-05-24 00:59:30.640 DEBUG 11720 --- [main] o.h.p.entity.AbstractEntityPersister     :  Snapshot select: select authority_.ID, authority_.NAME as name2_0_ from AUTHORITY authority_ where authority_.ID=?
2024-05-24 00:59:30.640 DEBUG 11720 --- [main] o.h.p.entity.AbstractEntityPersister     :  Insert 0: insert into AUTHORITY (NAME, ID) values (?, ?)
2024-05-24 00:59:30.640 DEBUG 11720 --- [main] o.h.p.entity.AbstractEntityPersister     :  Update 0: update AUTHORITY set NAME=? where ID=?
2024-05-24 00:59:30.640 DEBUG 11720 --- [main] o.h.p.entity.AbstractEntityPersister     :  Delete 0: delete from AUTHORITY where ID=?
2024-05-24 00:59:30.640 DEBUG 11720 --- [main] o.h.p.entity.AbstractEntityPersister     :  Identity insert: insert into AUTHORITY (NAME) values (?)
2024-05-24 00:59:30.685 DEBUG 11720 --- [main] o.h.l.p.b.i.spaces.QuerySpacesImpl       : Adding QuerySpace : uid = <gen:0> -> org.hibernate.loader.plan.build.internal.spaces.EntityQuerySpaceImpl@4189e668]
2024-05-24 00:59:30.687 DEBUG 11720 --- [main] o.h.p.walking.spi.MetamodelGraphWalker   : Visiting attribute path : name
2024-05-24 00:59:30.687 DEBUG 11720 --- [main] lanBuildingAssociationVisitationStrategy : Building LoadPlan...
2024-05-24 00:59:30.703 DEBUG 11720 --- [main] h.l.p.e.i.LoadQueryJoinAndFetchProcessor : processing queryspace <gen:0>
2024-05-24 00:59:30.709 DEBUG 11720 --- [main] o.h.l.p.build.spi.LoadPlanTreePrinter    : LoadPlan(entity=com.myapplication.model.Authority)
    - Returns
       - EntityReturnImpl(entity=com.myapplication.model.Authority, querySpaceUid=<gen:0>, path=com.myapplication.model.Authority)
    - QuerySpaces
       - EntityQuerySpaceImpl(uid=<gen:0>, entity=com.myapplication.model.Authority)
          - SQL table alias mapping - authority0_
          - alias suffix - 0_
          - suffixed key columns - {id1_0_0_}

2024-05-24 00:59:30.712 DEBUG 11720 --- [main] o.h.loader.entity.plan.EntityLoader      : Static select for entity com.myapplication.model.Authority [NONE]: select authority0_.ID as id1_0_0_, authority0_.NAME as name2_0_0_ from AUTHORITY authority0_ where authority0_.ID=?
2024-05-24 00:59:30.712 DEBUG 11720 --- [main] o.h.l.p.b.i.spaces.QuerySpacesImpl       : Adding QuerySpace : uid = <gen:0> -> org.hibernate.loader.plan.build.internal.spaces.EntityQuerySpaceImpl@780a91d0]
2024-05-24 00:59:30.712 DEBUG 11720 --- [main] o.h.p.walking.spi.MetamodelGraphWalker   : Visiting attribute path : name
2024-05-24 00:59:30.712 DEBUG 11720 --- [main] lanBuildingAssociationVisitationStrategy : Building LoadPlan...
2024-05-24 00:59:30.713 DEBUG 11720 --- [main] h.l.p.e.i.LoadQueryJoinAndFetchProcessor : processing queryspace <gen:0>
2024-05-24 00:59:30.713 DEBUG 11720 --- [main] o.h.l.p.build.spi.LoadPlanTreePrinter    : LoadPlan(entity=com.myapplication.model.Authority)
    - Returns
       - EntityReturnImpl(entity=com.myapplication.model.Authority, querySpaceUid=<gen:0>, path=com.myapplication.model.Authority)
    - QuerySpaces
       - EntityQuerySpaceImpl(uid=<gen:0>, entity=com.myapplication.model.Authority)
          - SQL table alias mapping - authority0_
          - alias suffix - 0_
          - suffixed key columns - {id1_0_0_}

2024-05-24 00:59:30.713 DEBUG 11720 --- [main] o.h.loader.entity.plan.EntityLoader      : Static select for entity com.myapplication.model.Authority [READ]: select authority0_.ID as id1_0_0_, authority0_.NAME as name2_0_0_ from AUTHORITY authority0_ where authority0_.ID=?
2024-05-24 00:59:30.727 DEBUG 11720 --- [main] org.hibernate.loader.Loader              : Static select for action ACTION_MERGE on entity com.myapplication.model.Authority: select authority0_.ID as id1_0_0_, authority0_.NAME as name2_0_0_ from AUTHORITY authority0_ where authority0_.ID=?
2024-05-24 00:59:30.727 DEBUG 11720 --- [main] org.hibernate.loader.Loader              : Static select for action ACTION_REFRESH on entity com.myapplication.model.Authority: select authority0_.ID as id1_0_0_, authority0_.NAME as name2_0_0_ from AUTHORITY authority0_ where authority0_.ID=?
2024-05-24 00:59:30.727 DEBUG 11720 --- [main] o.h.p.entity.AbstractEntityPersister     : Static SQL for entity: com.myapplication.model.HousingLocation
2024-05-24 00:59:30.727 DEBUG 11720 --- [main] o.h.p.entity.AbstractEntityPersister     :  Version select: select id from Housing_Location where id =?
2024-05-24 00:59:30.727 DEBUG 11720 --- [main] o.h.p.entity.AbstractEntityPersister     :  Snapshot select: select housingloc_.id, housingloc_.availableUnits as availabl2_2_, housingloc_.city as city3_2_, housingloc_.laundry as laundry4_2_, housingloc_.name as name5_2_, housingloc_.photo as photo6_2_, housingloc_.state as state7_2_, housingloc_.wifi as wifi8_2_ from Housing_Location housingloc_ where housingloc_.id=?
2024-05-24 00:59:30.727 DEBUG 11720 --- [main] o.h.p.entity.AbstractEntityPersister     :  Insert 0: insert into Housing_Location (availableUnits, city, laundry, name, photo, state, wifi, id) values (?, ?, ?, ?, ?, ?, ?, ?)
2024-05-24 00:59:30.727 DEBUG 11720 --- [main] o.h.p.entity.AbstractEntityPersister     :  Update 0: update Housing_Location set availableUnits=?, city=?, laundry=?, name=?, photo=?, state=?, wifi=? where id=?
2024-05-24 00:59:30.727 DEBUG 11720 --- [main] o.h.p.entity.AbstractEntityPersister     :  Delete 0: delete from Housing_Location where id=?
2024-05-24 00:59:30.727 DEBUG 11720 --- [main] o.h.p.entity.AbstractEntityPersister     :  Identity insert: insert into Housing_Location (availableUnits, city, laundry, name, photo, state, wifi) values (?, ?, ?, ?, ?, ?, ?)
2024-05-24 00:59:30.727 DEBUG 11720 --- [main] o.h.l.p.b.i.spaces.QuerySpacesImpl       : Adding QuerySpace : uid = <gen:0> -> org.hibernate.loader.plan.build.internal.spaces.EntityQuerySpaceImpl@15c4b1a4]
2024-05-24 00:59:30.727 DEBUG 11720 --- [main] o.h.p.walking.spi.MetamodelGraphWalker   : Visiting attribute path : availableUnits
2024-05-24 00:59:30.727 DEBUG 11720 --- [main] o.h.p.walking.spi.MetamodelGraphWalker   : Visiting attribute path : city
2024-05-24 00:59:30.727 DEBUG 11720 --- [main] o.h.p.walking.spi.MetamodelGraphWalker   : Visiting attribute path : laundry
2024-05-24 00:59:30.727 DEBUG 11720 --- [main] o.h.p.walking.spi.MetamodelGraphWalker   : Visiting attribute path : name
2024-05-24 00:59:30.727 DEBUG 11720 --- [main] o.h.p.walking.spi.MetamodelGraphWalker   : Visiting attribute path : photo
2024-05-24 00:59:30.727 DEBUG 11720 --- [main] o.h.p.walking.spi.MetamodelGraphWalker   : Visiting attribute path : state
2024-05-24 00:59:30.727 DEBUG 11720 --- [main] o.h.p.walking.spi.MetamodelGraphWalker   : Visiting attribute path : wifi
2024-05-24 00:59:30.727 DEBUG 11720 --- [main] lanBuildingAssociationVisitationStrategy : Building LoadPlan...
2024-05-24 00:59:30.729 DEBUG 11720 --- [main] h.l.p.e.i.LoadQueryJoinAndFetchProcessor : processing queryspace <gen:0>
2024-05-24 00:59:30.729 DEBUG 11720 --- [main] o.h.l.p.build.spi.LoadPlanTreePrinter    : LoadPlan(entity=com.myapplication.model.HousingLocation)
    - Returns
       - EntityReturnImpl(entity=com.myapplication.model.HousingLocation, querySpaceUid=<gen:0>, path=com.myapplication.model.HousingLocation)
    - QuerySpaces
       - EntityQuerySpaceImpl(uid=<gen:0>, entity=com.myapplication.model.HousingLocation)
          - SQL table alias mapping - housingloc0_
          - alias suffix - 0_
          - suffixed key columns - {id1_2_0_}

2024-05-24 00:59:30.729 DEBUG 11720 --- [main] o.h.loader.entity.plan.EntityLoader      : Static select for entity com.myapplication.model.HousingLocation [NONE]: select housingloc0_.id as id1_2_0_, housingloc0_.availableUnits as availabl2_2_0_, housingloc0_.city as city3_2_0_, housingloc0_.laundry as laundry4_2_0_, housingloc0_.name as name5_2_0_, housingloc0_.photo as photo6_2_0_, housingloc0_.state as state7_2_0_, housingloc0_.wifi as wifi8_2_0_ from Housing_Location housingloc0_ where housingloc0_.id=?
2024-05-24 00:59:30.729 DEBUG 11720 --- [main] o.h.l.p.b.i.spaces.QuerySpacesImpl       : Adding QuerySpace : uid = <gen:0> -> org.hibernate.loader.plan.build.internal.spaces.EntityQuerySpaceImpl@51b59d58]
2024-05-24 00:59:30.729 DEBUG 11720 --- [main] o.h.p.walking.spi.MetamodelGraphWalker   : Visiting attribute path : availableUnits
2024-05-24 00:59:30.729 DEBUG 11720 --- [main] o.h.p.walking.spi.MetamodelGraphWalker   : Visiting attribute path : city
2024-05-24 00:59:30.729 DEBUG 11720 --- [main] o.h.p.walking.spi.MetamodelGraphWalker   : Visiting attribute path : laundry
2024-05-24 00:59:30.729 DEBUG 11720 --- [main] o.h.p.walking.spi.MetamodelGraphWalker   : Visiting attribute path : name
2024-05-24 00:59:30.729 DEBUG 11720 --- [main] o.h.p.walking.spi.MetamodelGraphWalker   : Visiting attribute path : photo
2024-05-24 00:59:30.729 DEBUG 11720 --- [main] o.h.p.walking.spi.MetamodelGraphWalker   : Visiting attribute path : state
2024-05-24 00:59:30.729 DEBUG 11720 --- [main] o.h.p.walking.spi.MetamodelGraphWalker   : Visiting attribute path : wifi
2024-05-24 00:59:30.729 DEBUG 11720 --- [main] lanBuildingAssociationVisitationStrategy : Building LoadPlan...
2024-05-24 00:59:30.729 DEBUG 11720 --- [main] h.l.p.e.i.LoadQueryJoinAndFetchProcessor : processing queryspace <gen:0>
2024-05-24 00:59:30.729 DEBUG 11720 --- [main] o.h.l.p.build.spi.LoadPlanTreePrinter    : LoadPlan(entity=com.myapplication.model.HousingLocation)
    - Returns
       - EntityReturnImpl(entity=com.myapplication.model.HousingLocation, querySpaceUid=<gen:0>, path=com.myapplication.model.HousingLocation)
    - QuerySpaces
       - EntityQuerySpaceImpl(uid=<gen:0>, entity=com.myapplication.model.HousingLocation)
          - SQL table alias mapping - housingloc0_
          - alias suffix - 0_
          - suffixed key columns - {id1_2_0_}

2024-05-24 00:59:30.729 DEBUG 11720 --- [main] o.h.loader.entity.plan.EntityLoader      : Static select for entity com.myapplication.model.HousingLocation [READ]: select housingloc0_.id as id1_2_0_, housingloc0_.availableUnits as availabl2_2_0_, housingloc0_.city as city3_2_0_, housingloc0_.laundry as laundry4_2_0_, housingloc0_.name as name5_2_0_, housingloc0_.photo as photo6_2_0_, housingloc0_.state as state7_2_0_, housingloc0_.wifi as wifi8_2_0_ from Housing_Location housingloc0_ where housingloc0_.id=?
2024-05-24 00:59:30.730 DEBUG 11720 --- [main] org.hibernate.loader.Loader              : Static select for action ACTION_MERGE on entity com.myapplication.model.HousingLocation: select housingloc0_.id as id1_2_0_, housingloc0_.availableUnits as availabl2_2_0_, housingloc0_.city as city3_2_0_, housingloc0_.laundry as laundry4_2_0_, housingloc0_.name as name5_2_0_, housingloc0_.photo as photo6_2_0_, housingloc0_.state as state7_2_0_, housingloc0_.wifi as wifi8_2_0_ from Housing_Location housingloc0_ where housingloc0_.id=?
2024-05-24 00:59:30.730 DEBUG 11720 --- [main] org.hibernate.loader.Loader              : Static select for action ACTION_REFRESH on entity com.myapplication.model.HousingLocation: select housingloc0_.id as id1_2_0_, housingloc0_.availableUnits as availabl2_2_0_, housingloc0_.city as city3_2_0_, housingloc0_.laundry as laundry4_2_0_, housingloc0_.name as name5_2_0_, housingloc0_.photo as photo6_2_0_, housingloc0_.state as state7_2_0_, housingloc0_.wifi as wifi8_2_0_ from Housing_Location housingloc0_ where housingloc0_.id=?
2024-05-24 00:59:30.730 DEBUG 11720 --- [main] o.h.p.entity.AbstractEntityPersister     : Static SQL for entity: com.myapplication.model.Customer
2024-05-24 00:59:30.730 DEBUG 11720 --- [main] o.h.p.entity.AbstractEntityPersister     :  Version select: select id from customer where id =?
2024-05-24 00:59:30.730 DEBUG 11720 --- [main] o.h.p.entity.AbstractEntityPersister     :  Snapshot select: select customer_.id, customer_.cellphone as cellphon2_1_, customer_.city as city3_1_, customer_.email as email4_1_, customer_.name as name5_1_, customer_.photo as photo6_1_, customer_.publication_id as publicat8_1_, customer_.state as state7_1_ from customer customer_ where customer_.id=?
2024-05-24 00:59:30.730 DEBUG 11720 --- [main] o.h.p.entity.AbstractEntityPersister     :  Insert 0: insert into customer (cellphone, city, email, name, photo, publication_id, state, id) values (?, ?, ?, ?, ?, ?, ?, ?)
2024-05-24 00:59:30.730 DEBUG 11720 --- [main] o.h.p.entity.AbstractEntityPersister     :  Update 0: update customer set cellphone=?, city=?, email=?, name=?, photo=?, publication_id=?, state=? where id=?
2024-05-24 00:59:30.730 DEBUG 11720 --- [main] o.h.p.entity.AbstractEntityPersister     :  Delete 0: delete from customer where id=?
2024-05-24 00:59:30.730 DEBUG 11720 --- [main] o.h.p.entity.AbstractEntityPersister     :  Identity insert: insert into customer (cellphone, city, email, name, photo, publication_id, state) values (?, ?, ?, ?, ?, ?, ?)
2024-05-24 00:59:30.730 DEBUG 11720 --- [main] o.h.l.p.b.i.spaces.QuerySpacesImpl       : Adding QuerySpace : uid = <gen:0> -> org.hibernate.loader.plan.build.internal.spaces.EntityQuerySpaceImpl@7c5d36c3]
2024-05-24 00:59:30.730 DEBUG 11720 --- [main] o.h.p.walking.spi.MetamodelGraphWalker   : Visiting attribute path : cellphone
2024-05-24 00:59:30.730 DEBUG 11720 --- [main] o.h.p.walking.spi.MetamodelGraphWalker   : Visiting attribute path : city
2024-05-24 00:59:30.730 DEBUG 11720 --- [main] o.h.p.walking.spi.MetamodelGraphWalker   : Visiting attribute path : email
2024-05-24 00:59:30.730 DEBUG 11720 --- [main] o.h.p.walking.spi.MetamodelGraphWalker   : Visiting attribute path : name
2024-05-24 00:59:30.730 DEBUG 11720 --- [main] o.h.p.walking.spi.MetamodelGraphWalker   : Visiting attribute path : photo
2024-05-24 00:59:30.730 DEBUG 11720 --- [main] o.h.p.walking.spi.MetamodelGraphWalker   : Visiting attribute path : publication
2024-05-24 00:59:30.733 DEBUG 11720 --- [main] o.h.l.p.b.i.spaces.QuerySpacesImpl       : Adding QuerySpace : uid = <gen:1> -> org.hibernate.loader.plan.build.internal.spaces.EntityQuerySpaceImpl@37c5b8e8]
2024-05-24 00:59:30.735 DEBUG 11720 --- [main] o.h.p.walking.spi.MetamodelGraphWalker   : Visiting attribute path : publication.agency
2024-05-24 00:59:30.735 DEBUG 11720 --- [main] o.h.p.walking.spi.MetamodelGraphWalker   : Visiting attribute path : publication.availableUnits
2024-05-24 00:59:30.735 DEBUG 11720 --- [main] o.h.p.walking.spi.MetamodelGraphWalker   : Visiting attribute path : publication.carName
2024-05-24 00:59:30.735 DEBUG 11720 --- [main] o.h.p.walking.spi.MetamodelGraphWalker   : Visiting attribute path : publication.location
2024-05-24 00:59:30.735 DEBUG 11720 --- [main] o.h.p.walking.spi.MetamodelGraphWalker   : Visiting attribute path : publication.photo
2024-05-24 00:59:30.735 DEBUG 11720 --- [main] o.h.p.walking.spi.MetamodelGraphWalker   : Visiting attribute path : publication.price
2024-05-24 00:59:30.735 DEBUG 11720 --- [main] o.h.p.walking.spi.MetamodelGraphWalker   : Visiting attribute path : state
2024-05-24 00:59:30.736 DEBUG 11720 --- [main] lanBuildingAssociationVisitationStrategy : Building LoadPlan...
2024-05-24 00:59:30.736 DEBUG 11720 --- [main] h.l.p.e.i.LoadQueryJoinAndFetchProcessor : processing queryspace <gen:0>
2024-05-24 00:59:30.738 DEBUG 11720 --- [main] o.h.l.p.build.spi.LoadPlanTreePrinter    : LoadPlan(entity=com.myapplication.model.Customer)
    - Returns
       - EntityReturnImpl(entity=com.myapplication.model.Customer, querySpaceUid=<gen:0>, path=com.myapplication.model.Customer)
          - EntityAttributeFetchImpl(entity=com.myapplication.model.Publication, querySpaceUid=<gen:1>, path=com.myapplication.model.Customer.publication)
    - QuerySpaces
       - EntityQuerySpaceImpl(uid=<gen:0>, entity=com.myapplication.model.Customer)
          - SQL table alias mapping - customer0_
          - alias suffix - 0_
          - suffixed key columns - {id1_1_0_}
          - JOIN (JoinDefinedByMetadata(publication)) : <gen:0> -> <gen:1>
             - EntityQuerySpaceImpl(uid=<gen:1>, entity=com.myapplication.model.Publication)
                - SQL table alias mapping - publicatio1_
                - alias suffix - 1_
                - suffixed key columns - {id1_3_1_}

2024-05-24 00:59:30.738 DEBUG 11720 --- [main] o.h.loader.entity.plan.EntityLoader      : Static select for entity com.myapplication.model.Customer [NONE]: select customer0_.id as id1_1_0_, customer0_.cellphone as cellphon2_1_0_, customer0_.city as city3_1_0_, customer0_.email as email4_1_0_, customer0_.name as name5_1_0_, customer0_.photo as photo6_1_0_, customer0_.publication_id as publicat8_1_0_, customer0_.state as state7_1_0_, publicatio1_.id as id1_3_1_, publicatio1_.agency as agency2_3_1_, publicatio1_.availableUnits as availabl3_3_1_, publicatio1_.carName as carname4_3_1_, publicatio1_.location as location5_3_1_, publicatio1_.photo as photo6_3_1_, publicatio1_.price as price7_3_1_ from customer customer0_ left outer join publication publicatio1_ on customer0_.publication_id=publicatio1_.id where customer0_.id=?
2024-05-24 00:59:30.738 DEBUG 11720 --- [main] o.h.l.p.b.i.spaces.QuerySpacesImpl       : Adding QuerySpace : uid = <gen:0> -> org.hibernate.loader.plan.build.internal.spaces.EntityQuerySpaceImpl@f6bc75c]
2024-05-24 00:59:30.738 DEBUG 11720 --- [main] o.h.p.walking.spi.MetamodelGraphWalker   : Visiting attribute path : cellphone
2024-05-24 00:59:30.739 DEBUG 11720 --- [main] o.h.p.walking.spi.MetamodelGraphWalker   : Visiting attribute path : city
2024-05-24 00:59:30.739 DEBUG 11720 --- [main] o.h.p.walking.spi.MetamodelGraphWalker   : Visiting attribute path : email
2024-05-24 00:59:30.739 DEBUG 11720 --- [main] o.h.p.walking.spi.MetamodelGraphWalker   : Visiting attribute path : name
2024-05-24 00:59:30.739 DEBUG 11720 --- [main] o.h.p.walking.spi.MetamodelGraphWalker   : Visiting attribute path : photo
2024-05-24 00:59:30.739 DEBUG 11720 --- [main] o.h.p.walking.spi.MetamodelGraphWalker   : Visiting attribute path : publication
2024-05-24 00:59:30.739 DEBUG 11720 --- [main] o.h.l.p.b.i.spaces.QuerySpacesImpl       : Adding QuerySpace : uid = <gen:1> -> org.hibernate.loader.plan.build.internal.spaces.EntityQuerySpaceImpl@bea283b]
2024-05-24 00:59:30.739 DEBUG 11720 --- [main] o.h.p.walking.spi.MetamodelGraphWalker   : Visiting attribute path : publication.agency
2024-05-24 00:59:30.739 DEBUG 11720 --- [main] o.h.p.walking.spi.MetamodelGraphWalker   : Visiting attribute path : publication.availableUnits
2024-05-24 00:59:30.739 DEBUG 11720 --- [main] o.h.p.walking.spi.MetamodelGraphWalker   : Visiting attribute path : publication.carName
2024-05-24 00:59:30.739 DEBUG 11720 --- [main] o.h.p.walking.spi.MetamodelGraphWalker   : Visiting attribute path : publication.location
2024-05-24 00:59:30.739 DEBUG 11720 --- [main] o.h.p.walking.spi.MetamodelGraphWalker   : Visiting attribute path : publication.photo
2024-05-24 00:59:30.739 DEBUG 11720 --- [main] o.h.p.walking.spi.MetamodelGraphWalker   : Visiting attribute path : publication.price
2024-05-24 00:59:30.739 DEBUG 11720 --- [main] o.h.p.walking.spi.MetamodelGraphWalker   : Visiting attribute path : state
2024-05-24 00:59:30.739 DEBUG 11720 --- [main] lanBuildingAssociationVisitationStrategy : Building LoadPlan...
2024-05-24 00:59:30.740 DEBUG 11720 --- [main] h.l.p.e.i.LoadQueryJoinAndFetchProcessor : processing queryspace <gen:0>
2024-05-24 00:59:30.741 DEBUG 11720 --- [main] o.h.l.p.build.spi.LoadPlanTreePrinter    : LoadPlan(entity=com.myapplication.model.Customer)
    - Returns
       - EntityReturnImpl(entity=com.myapplication.model.Customer, querySpaceUid=<gen:0>, path=com.myapplication.model.Customer)
          - EntityAttributeFetchImpl(entity=com.myapplication.model.Publication, querySpaceUid=<gen:1>, path=com.myapplication.model.Customer.publication)
    - QuerySpaces
       - EntityQuerySpaceImpl(uid=<gen:0>, entity=com.myapplication.model.Customer)
          - SQL table alias mapping - customer0_
          - alias suffix - 0_
          - suffixed key columns - {id1_1_0_}
          - JOIN (JoinDefinedByMetadata(publication)) : <gen:0> -> <gen:1>
             - EntityQuerySpaceImpl(uid=<gen:1>, entity=com.myapplication.model.Publication)
                - SQL table alias mapping - publicatio1_
                - alias suffix - 1_
                - suffixed key columns - {id1_3_1_}

2024-05-24 00:59:30.741 DEBUG 11720 --- [main] o.h.loader.entity.plan.EntityLoader      : Static select for entity com.myapplication.model.Customer [READ]: select customer0_.id as id1_1_0_, customer0_.cellphone as cellphon2_1_0_, customer0_.city as city3_1_0_, customer0_.email as email4_1_0_, customer0_.name as name5_1_0_, customer0_.photo as photo6_1_0_, customer0_.publication_id as publicat8_1_0_, customer0_.state as state7_1_0_, publicatio1_.id as id1_3_1_, publicatio1_.agency as agency2_3_1_, publicatio1_.availableUnits as availabl3_3_1_, publicatio1_.carName as carname4_3_1_, publicatio1_.location as location5_3_1_, publicatio1_.photo as photo6_3_1_, publicatio1_.price as price7_3_1_ from customer customer0_ left outer join publication publicatio1_ on customer0_.publication_id=publicatio1_.id where customer0_.id=?
2024-05-24 00:59:30.741 DEBUG 11720 --- [main] org.hibernate.loader.Loader              : Static select for action ACTION_MERGE on entity com.myapplication.model.Customer: select customer0_.id as id1_1_0_, customer0_.cellphone as cellphon2_1_0_, customer0_.city as city3_1_0_, customer0_.email as email4_1_0_, customer0_.name as name5_1_0_, customer0_.photo as photo6_1_0_, customer0_.publication_id as publicat8_1_0_, customer0_.state as state7_1_0_ from customer customer0_ where customer0_.id=?
2024-05-24 00:59:30.741 DEBUG 11720 --- [main] org.hibernate.loader.Loader              : Static select for action ACTION_REFRESH on entity com.myapplication.model.Customer: select customer0_.id as id1_1_0_, customer0_.cellphone as cellphon2_1_0_, customer0_.city as city3_1_0_, customer0_.email as email4_1_0_, customer0_.name as name5_1_0_, customer0_.photo as photo6_1_0_, customer0_.publication_id as publicat8_1_0_, customer0_.state as state7_1_0_ from customer customer0_ where customer0_.id=?
2024-05-24 00:59:30.742 DEBUG 11720 --- [main] o.h.p.entity.AbstractEntityPersister     : Static SQL for entity: com.myapplication.model.Publication
2024-05-24 00:59:30.742 DEBUG 11720 --- [main] o.h.p.entity.AbstractEntityPersister     :  Version select: select id from publication where id =?
2024-05-24 00:59:30.742 DEBUG 11720 --- [main] o.h.p.entity.AbstractEntityPersister     :  Snapshot select: select publicatio_.id, publicatio_.agency as agency2_3_, publicatio_.availableUnits as availabl3_3_, publicatio_.carName as carname4_3_, publicatio_.location as location5_3_, publicatio_.photo as photo6_3_, publicatio_.price as price7_3_ from publication publicatio_ where publicatio_.id=?
2024-05-24 00:59:30.742 DEBUG 11720 --- [main] o.h.p.entity.AbstractEntityPersister     :  Insert 0: insert into publication (agency, availableUnits, carName, location, photo, price, id) values (?, ?, ?, ?, ?, ?, ?)
2024-05-24 00:59:30.742 DEBUG 11720 --- [main] o.h.p.entity.AbstractEntityPersister     :  Update 0: update publication set agency=?, availableUnits=?, carName=?, location=?, photo=?, price=? where id=?
2024-05-24 00:59:30.742 DEBUG 11720 --- [main] o.h.p.entity.AbstractEntityPersister     :  Delete 0: delete from publication where id=?
2024-05-24 00:59:30.742 DEBUG 11720 --- [main] o.h.p.entity.AbstractEntityPersister     :  Identity insert: insert into publication (agency, availableUnits, carName, location, photo, price) values (?, ?, ?, ?, ?, ?)
2024-05-24 00:59:30.742 DEBUG 11720 --- [main] o.h.l.p.b.i.spaces.QuerySpacesImpl       : Adding QuerySpace : uid = <gen:0> -> org.hibernate.loader.plan.build.internal.spaces.EntityQuerySpaceImpl@22854f2b]
2024-05-24 00:59:30.742 DEBUG 11720 --- [main] o.h.p.walking.spi.MetamodelGraphWalker   : Visiting attribute path : agency
2024-05-24 00:59:30.742 DEBUG 11720 --- [main] o.h.p.walking.spi.MetamodelGraphWalker   : Visiting attribute path : availableUnits
2024-05-24 00:59:30.742 DEBUG 11720 --- [main] o.h.p.walking.spi.MetamodelGraphWalker   : Visiting attribute path : carName
2024-05-24 00:59:30.742 DEBUG 11720 --- [main] o.h.p.walking.spi.MetamodelGraphWalker   : Visiting attribute path : location
2024-05-24 00:59:30.742 DEBUG 11720 --- [main] o.h.p.walking.spi.MetamodelGraphWalker   : Visiting attribute path : photo
2024-05-24 00:59:30.742 DEBUG 11720 --- [main] o.h.p.walking.spi.MetamodelGraphWalker   : Visiting attribute path : price
2024-05-24 00:59:30.742 DEBUG 11720 --- [main] lanBuildingAssociationVisitationStrategy : Building LoadPlan...
2024-05-24 00:59:30.742 DEBUG 11720 --- [main] h.l.p.e.i.LoadQueryJoinAndFetchProcessor : processing queryspace <gen:0>
2024-05-24 00:59:30.743 DEBUG 11720 --- [main] o.h.l.p.build.spi.LoadPlanTreePrinter    : LoadPlan(entity=com.myapplication.model.Publication)
    - Returns
       - EntityReturnImpl(entity=com.myapplication.model.Publication, querySpaceUid=<gen:0>, path=com.myapplication.model.Publication)
    - QuerySpaces
       - EntityQuerySpaceImpl(uid=<gen:0>, entity=com.myapplication.model.Publication)
          - SQL table alias mapping - publicatio0_
          - alias suffix - 0_
          - suffixed key columns - {id1_3_0_}

2024-05-24 00:59:30.743 DEBUG 11720 --- [main] o.h.loader.entity.plan.EntityLoader      : Static select for entity com.myapplication.model.Publication [NONE]: select publicatio0_.id as id1_3_0_, publicatio0_.agency as agency2_3_0_, publicatio0_.availableUnits as availabl3_3_0_, publicatio0_.carName as carname4_3_0_, publicatio0_.location as location5_3_0_, publicatio0_.photo as photo6_3_0_, publicatio0_.price as price7_3_0_ from publication publicatio0_ where publicatio0_.id=?
2024-05-24 00:59:30.743 DEBUG 11720 --- [main] o.h.l.p.b.i.spaces.QuerySpacesImpl       : Adding QuerySpace : uid = <gen:0> -> org.hibernate.loader.plan.build.internal.spaces.EntityQuerySpaceImpl@5ddf5118]
2024-05-24 00:59:30.743 DEBUG 11720 --- [main] o.h.p.walking.spi.MetamodelGraphWalker   : Visiting attribute path : agency
2024-05-24 00:59:30.743 DEBUG 11720 --- [main] o.h.p.walking.spi.MetamodelGraphWalker   : Visiting attribute path : availableUnits
2024-05-24 00:59:30.743 DEBUG 11720 --- [main] o.h.p.walking.spi.MetamodelGraphWalker   : Visiting attribute path : carName
2024-05-24 00:59:30.743 DEBUG 11720 --- [main] o.h.p.walking.spi.MetamodelGraphWalker   : Visiting attribute path : location
2024-05-24 00:59:30.743 DEBUG 11720 --- [main] o.h.p.walking.spi.MetamodelGraphWalker   : Visiting attribute path : photo
2024-05-24 00:59:30.743 DEBUG 11720 --- [main] o.h.p.walking.spi.MetamodelGraphWalker   : Visiting attribute path : price
2024-05-24 00:59:30.743 DEBUG 11720 --- [main] lanBuildingAssociationVisitationStrategy : Building LoadPlan...
2024-05-24 00:59:30.743 DEBUG 11720 --- [main] h.l.p.e.i.LoadQueryJoinAndFetchProcessor : processing queryspace <gen:0>
2024-05-24 00:59:30.744 DEBUG 11720 --- [main] o.h.l.p.build.spi.LoadPlanTreePrinter    : LoadPlan(entity=com.myapplication.model.Publication)
    - Returns
       - EntityReturnImpl(entity=com.myapplication.model.Publication, querySpaceUid=<gen:0>, path=com.myapplication.model.Publication)
    - QuerySpaces
       - EntityQuerySpaceImpl(uid=<gen:0>, entity=com.myapplication.model.Publication)
          - SQL table alias mapping - publicatio0_
          - alias suffix - 0_
          - suffixed key columns - {id1_3_0_}

2024-05-24 00:59:30.744 DEBUG 11720 --- [main] o.h.loader.entity.plan.EntityLoader      : Static select for entity com.myapplication.model.Publication [READ]: select publicatio0_.id as id1_3_0_, publicatio0_.agency as agency2_3_0_, publicatio0_.availableUnits as availabl3_3_0_, publicatio0_.carName as carname4_3_0_, publicatio0_.location as location5_3_0_, publicatio0_.photo as photo6_3_0_, publicatio0_.price as price7_3_0_ from publication publicatio0_ where publicatio0_.id=?
2024-05-24 00:59:30.744 DEBUG 11720 --- [main] org.hibernate.loader.Loader              : Static select for action ACTION_MERGE on entity com.myapplication.model.Publication: select publicatio0_.id as id1_3_0_, publicatio0_.agency as agency2_3_0_, publicatio0_.availableUnits as availabl3_3_0_, publicatio0_.carName as carname4_3_0_, publicatio0_.location as location5_3_0_, publicatio0_.photo as photo6_3_0_, publicatio0_.price as price7_3_0_ from publication publicatio0_ where publicatio0_.id=?
2024-05-24 00:59:30.744 DEBUG 11720 --- [main] org.hibernate.loader.Loader              : Static select for action ACTION_REFRESH on entity com.myapplication.model.Publication: select publicatio0_.id as id1_3_0_, publicatio0_.agency as agency2_3_0_, publicatio0_.availableUnits as availabl3_3_0_, publicatio0_.carName as carname4_3_0_, publicatio0_.location as location5_3_0_, publicatio0_.photo as photo6_3_0_, publicatio0_.price as price7_3_0_ from publication publicatio0_ where publicatio0_.id=?
2024-05-24 00:59:30.744 DEBUG 11720 --- [main] o.h.p.entity.AbstractEntityPersister     : Static SQL for entity: com.myapplication.model.User
2024-05-24 00:59:30.744 DEBUG 11720 --- [main] o.h.p.entity.AbstractEntityPersister     :  Version select: select ID from USER where ID =?
2024-05-24 00:59:30.745 DEBUG 11720 --- [main] o.h.p.entity.AbstractEntityPersister     :  Snapshot select: select user_.ID, user_.ACCOUNT_EXPIRED as account_2_4_, user_.ACCOUNT_LOCKED as account_3_4_, user_.CREDENTIALS_EXPIRED as credenti4_4_, user_.enabled as enabled5_4_, user_.PASSWORD as password6_4_, user_.USER_NAME as user_nam7_4_ from USER user_ where user_.ID=?
2024-05-24 00:59:30.745 DEBUG 11720 --- [main] o.h.p.entity.AbstractEntityPersister     :  Insert 0: insert into USER (ACCOUNT_EXPIRED, ACCOUNT_LOCKED, CREDENTIALS_EXPIRED, enabled, PASSWORD, USER_NAME, ID) values (?, ?, ?, ?, ?, ?, ?)
2024-05-24 00:59:30.745 DEBUG 11720 --- [main] o.h.p.entity.AbstractEntityPersister     :  Update 0: update USER set ACCOUNT_EXPIRED=?, ACCOUNT_LOCKED=?, CREDENTIALS_EXPIRED=?, enabled=?, PASSWORD=?, USER_NAME=? where ID=?
2024-05-24 00:59:30.745 DEBUG 11720 --- [main] o.h.p.entity.AbstractEntityPersister     :  Delete 0: delete from USER where ID=?
2024-05-24 00:59:30.745 DEBUG 11720 --- [main] o.h.p.entity.AbstractEntityPersister     :  Identity insert: insert into USER (ACCOUNT_EXPIRED, ACCOUNT_LOCKED, CREDENTIALS_EXPIRED, enabled, PASSWORD, USER_NAME) values (?, ?, ?, ?, ?, ?)
2024-05-24 00:59:30.745 DEBUG 11720 --- [main] o.h.l.p.b.i.spaces.QuerySpacesImpl       : Adding QuerySpace : uid = <gen:0> -> org.hibernate.loader.plan.build.internal.spaces.EntityQuerySpaceImpl@fcd3a6f]
2024-05-24 00:59:30.745 DEBUG 11720 --- [main] o.h.p.walking.spi.MetamodelGraphWalker   : Visiting attribute path : accountExpired
2024-05-24 00:59:30.745 DEBUG 11720 --- [main] o.h.p.walking.spi.MetamodelGraphWalker   : Visiting attribute path : accountLocked
2024-05-24 00:59:30.745 DEBUG 11720 --- [main] o.h.p.walking.spi.MetamodelGraphWalker   : Visiting attribute path : authorities
2024-05-24 00:59:30.746 DEBUG 11720 --- [main] o.h.l.p.b.i.spaces.QuerySpacesImpl       : Adding QuerySpace : uid = <gen:1> -> org.hibernate.loader.plan.build.internal.spaces.CollectionQuerySpaceImpl@f96654]
2024-05-24 00:59:30.748 DEBUG 11720 --- [main] o.h.l.p.b.i.spaces.QuerySpacesImpl       : Adding QuerySpace : uid = <gen:2> -> org.hibernate.loader.plan.build.internal.spaces.EntityQuerySpaceImpl@6c8ad6d7]
2024-05-24 00:59:30.748 DEBUG 11720 --- [main] o.h.p.walking.spi.MetamodelGraphWalker   : Visiting attribute path : credentialsExpired
2024-05-24 00:59:30.748 DEBUG 11720 --- [main] o.h.p.walking.spi.MetamodelGraphWalker   : Visiting attribute path : enabled
2024-05-24 00:59:30.749 DEBUG 11720 --- [main] o.h.p.walking.spi.MetamodelGraphWalker   : Visiting attribute path : password
2024-05-24 00:59:30.749 DEBUG 11720 --- [main] o.h.p.walking.spi.MetamodelGraphWalker   : Visiting attribute path : username
2024-05-24 00:59:30.749 DEBUG 11720 --- [main] lanBuildingAssociationVisitationStrategy : Building LoadPlan...
2024-05-24 00:59:30.749 DEBUG 11720 --- [main] h.l.p.e.i.LoadQueryJoinAndFetchProcessor : processing queryspace <gen:0>
2024-05-24 00:59:30.749 DEBUG 11720 --- [main] o.h.l.p.build.spi.LoadPlanTreePrinter    : LoadPlan(entity=com.myapplication.model.User)
    - Returns
       - EntityReturnImpl(entity=com.myapplication.model.User, querySpaceUid=<gen:0>, path=com.myapplication.model.User)
          - CollectionAttributeFetchImpl(collection=com.myapplication.model.User.authorities, querySpaceUid=<gen:1>, path=com.myapplication.model.User.authorities)
             - (collection element) CollectionFetchableElementEntityGraph(entity=com.myapplication.model.Authority, querySpaceUid=<gen:2>, path=com.myapplication.model.User.authorities.<elements>)
    - QuerySpaces
       - EntityQuerySpaceImpl(uid=<gen:0>, entity=com.myapplication.model.User)
          - SQL table alias mapping - user0_
          - alias suffix - 0_
          - suffixed key columns - {id1_4_0_}

2024-05-24 00:59:30.749 DEBUG 11720 --- [main] o.h.loader.entity.plan.EntityLoader      : Static select for entity com.myapplication.model.User [NONE]: select user0_.ID as id1_4_0_, user0_.ACCOUNT_EXPIRED as account_2_4_0_, user0_.ACCOUNT_LOCKED as account_3_4_0_, user0_.CREDENTIALS_EXPIRED as credenti4_4_0_, user0_.enabled as enabled5_4_0_, user0_.PASSWORD as password6_4_0_, user0_.USER_NAME as user_nam7_4_0_ from USER user0_ where user0_.ID=?
2024-05-24 00:59:30.749 DEBUG 11720 --- [main] o.h.l.p.b.i.spaces.QuerySpacesImpl       : Adding QuerySpace : uid = <gen:0> -> org.hibernate.loader.plan.build.internal.spaces.EntityQuerySpaceImpl@631678e6]
2024-05-24 00:59:30.749 DEBUG 11720 --- [main] o.h.p.walking.spi.MetamodelGraphWalker   : Visiting attribute path : accountExpired
2024-05-24 00:59:30.749 DEBUG 11720 --- [main] o.h.p.walking.spi.MetamodelGraphWalker   : Visiting attribute path : accountLocked
2024-05-24 00:59:30.749 DEBUG 11720 --- [main] o.h.p.walking.spi.MetamodelGraphWalker   : Visiting attribute path : authorities
2024-05-24 00:59:30.750 DEBUG 11720 --- [main] o.h.l.p.b.i.spaces.QuerySpacesImpl       : Adding QuerySpace : uid = <gen:1> -> org.hibernate.loader.plan.build.internal.spaces.CollectionQuerySpaceImpl@64d53f0d]
2024-05-24 00:59:30.750 DEBUG 11720 --- [main] o.h.l.p.b.i.spaces.QuerySpacesImpl       : Adding QuerySpace : uid = <gen:2> -> org.hibernate.loader.plan.build.internal.spaces.EntityQuerySpaceImpl@1b10f60e]
2024-05-24 00:59:30.750 DEBUG 11720 --- [main] o.h.p.walking.spi.MetamodelGraphWalker   : Visiting attribute path : credentialsExpired
2024-05-24 00:59:30.750 DEBUG 11720 --- [main] o.h.p.walking.spi.MetamodelGraphWalker   : Visiting attribute path : enabled
2024-05-24 00:59:30.750 DEBUG 11720 --- [main] o.h.p.walking.spi.MetamodelGraphWalker   : Visiting attribute path : password
2024-05-24 00:59:30.750 DEBUG 11720 --- [main] o.h.p.walking.spi.MetamodelGraphWalker   : Visiting attribute path : username
2024-05-24 00:59:30.750 DEBUG 11720 --- [main] lanBuildingAssociationVisitationStrategy : Building LoadPlan...
2024-05-24 00:59:30.750 DEBUG 11720 --- [main] h.l.p.e.i.LoadQueryJoinAndFetchProcessor : processing queryspace <gen:0>
2024-05-24 00:59:30.750 DEBUG 11720 --- [main] o.h.l.p.build.spi.LoadPlanTreePrinter    : LoadPlan(entity=com.myapplication.model.User)
    - Returns
       - EntityReturnImpl(entity=com.myapplication.model.User, querySpaceUid=<gen:0>, path=com.myapplication.model.User)
          - CollectionAttributeFetchImpl(collection=com.myapplication.model.User.authorities, querySpaceUid=<gen:1>, path=com.myapplication.model.User.authorities)
             - (collection element) CollectionFetchableElementEntityGraph(entity=com.myapplication.model.Authority, querySpaceUid=<gen:2>, path=com.myapplication.model.User.authorities.<elements>)
    - QuerySpaces
       - EntityQuerySpaceImpl(uid=<gen:0>, entity=com.myapplication.model.User)
          - SQL table alias mapping - user0_
          - alias suffix - 0_
          - suffixed key columns - {id1_4_0_}

2024-05-24 00:59:30.750 DEBUG 11720 --- [main] o.h.loader.entity.plan.EntityLoader      : Static select for entity com.myapplication.model.User [READ]: select user0_.ID as id1_4_0_, user0_.ACCOUNT_EXPIRED as account_2_4_0_, user0_.ACCOUNT_LOCKED as account_3_4_0_, user0_.CREDENTIALS_EXPIRED as credenti4_4_0_, user0_.enabled as enabled5_4_0_, user0_.PASSWORD as password6_4_0_, user0_.USER_NAME as user_nam7_4_0_ from USER user0_ where user0_.ID=?
2024-05-24 00:59:30.751 DEBUG 11720 --- [main] org.hibernate.loader.Loader              : Static select for action ACTION_MERGE on entity com.myapplication.model.User: select user0_.ID as id1_4_0_, user0_.ACCOUNT_EXPIRED as account_2_4_0_, user0_.ACCOUNT_LOCKED as account_3_4_0_, user0_.CREDENTIALS_EXPIRED as credenti4_4_0_, user0_.enabled as enabled5_4_0_, user0_.PASSWORD as password6_4_0_, user0_.USER_NAME as user_nam7_4_0_ from USER user0_ where user0_.ID=?
2024-05-24 00:59:30.751 DEBUG 11720 --- [main] org.hibernate.loader.Loader              : Static select for action ACTION_REFRESH on entity com.myapplication.model.User: select user0_.ID as id1_4_0_, user0_.ACCOUNT_EXPIRED as account_2_4_0_, user0_.ACCOUNT_LOCKED as account_3_4_0_, user0_.CREDENTIALS_EXPIRED as credenti4_4_0_, user0_.enabled as enabled5_4_0_, user0_.PASSWORD as password6_4_0_, user0_.USER_NAME as user_nam7_4_0_ from USER user0_ where user0_.ID=?
2024-05-24 00:59:30.759 DEBUG 11720 --- [main] o.h.l.p.b.i.spaces.QuerySpacesImpl       : Adding QuerySpace : uid = <gen:0> -> org.hibernate.loader.plan.build.internal.spaces.CollectionQuerySpaceImpl@3a239dac]
2024-05-24 00:59:30.759 DEBUG 11720 --- [main] o.h.l.p.b.i.spaces.QuerySpacesImpl       : Adding QuerySpace : uid = <gen:1> -> org.hibernate.loader.plan.build.internal.spaces.EntityQuerySpaceImpl@759f45f1]
2024-05-24 00:59:30.760 DEBUG 11720 --- [main] o.h.p.walking.spi.MetamodelGraphWalker   : Visiting attribute path : name
2024-05-24 00:59:30.760 DEBUG 11720 --- [main] lanBuildingAssociationVisitationStrategy : Building LoadPlan...
2024-05-24 00:59:30.763 DEBUG 11720 --- [main] h.l.p.e.i.LoadQueryJoinAndFetchProcessor : processing queryspace <gen:0>
2024-05-24 00:59:30.765 DEBUG 11720 --- [main] o.h.l.p.build.spi.LoadPlanTreePrinter    : LoadPlan(collection=com.myapplication.model.User.authorities)
    - Returns
       - CollectionReturnImpl(collection=com.myapplication.model.User.authorities, querySpaceUid=<gen:0>, path=[com.myapplication.model.User.authorities])
          - (collection element) CollectionFetchableElementEntityGraph(entity=com.myapplication.model.Authority, querySpaceUid=<gen:1>, path=[com.myapplication.model.User.authorities].<elements>)
    - QuerySpaces
       - CollectionQuerySpaceImpl(uid=<gen:0>, collection=com.myapplication.model.User.authorities)
          - SQL table alias mapping - authoritie0_
          - alias suffix - 0_
          - suffixed key columns - {user_id1_5_0_}
          - entity-element alias suffix - 1_
          - 1_entity-element suffixed key columns - id1_0_1_
          - JOIN (JoinDefinedByMetadata(elements)) : <gen:0> -> <gen:1>
             - EntityQuerySpaceImpl(uid=<gen:1>, entity=com.myapplication.model.Authority)
                - SQL table alias mapping - authority1_
                - alias suffix - 1_
                - suffixed key columns - {id1_0_1_}

2024-05-24 00:59:30.765 DEBUG 11720 --- [main] o.h.l.collection.plan.CollectionLoader   : Static select for collection com.myapplication.model.User.authorities: select authoritie0_.USER_ID as user_id1_5_0_, authoritie0_.AUTHORITY_ID as authorit2_5_0_, authority1_.ID as id1_0_1_, authority1_.NAME as name2_0_1_ from USERS_AUTHORITIES authoritie0_ inner join AUTHORITY authority1_ on authoritie0_.AUTHORITY_ID=authority1_.ID where authoritie0_.USER_ID=? order by authority1_.ID asc
2024-05-24 00:59:30.980 DEBUG 11720 --- [main] org.hibernate.mapping.Table              : No alter strings for table : AUTHORITY
2024-05-24 00:59:30.981 DEBUG 11720 --- [main] org.hibernate.mapping.Table              : No alter strings for table : customer
2024-05-24 00:59:30.981 DEBUG 11720 --- [main] org.hibernate.mapping.Table              : No alter strings for table : Housing_Location
2024-05-24 00:59:30.981 DEBUG 11720 --- [main] org.hibernate.mapping.Table              : No alter strings for table : publication
2024-05-24 00:59:30.981 DEBUG 11720 --- [main] org.hibernate.mapping.Table              : No alter strings for table : USER
2024-05-24 00:59:30.981 DEBUG 11720 --- [main] org.hibernate.mapping.Table              : No alter strings for table : USERS_AUTHORITIES
2024-05-24 00:59:31.088 DEBUG 11720 --- [main] o.h.e.t.j.p.i.JtaPlatformInitiator       : No JtaPlatform was specified, checking resolver
2024-05-24 00:59:31.090 DEBUG 11720 --- [main] h.e.t.j.p.i.JtaPlatformResolverInitiator : No JtaPlatformResolver was specified, using default [org.hibernate.engine.transaction.jta.platform.internal.StandardJtaPlatformResolver]
2024-05-24 00:59:31.096 DEBUG 11720 --- [main] .h.e.t.j.p.i.StandardJtaPlatformResolver : Could not resolve JtaPlatform, using default [org.hibernate.engine.transaction.jta.platform.internal.NoJtaPlatform]
2024-05-24 00:59:31.096  INFO 11720 --- [main] o.h.e.t.j.p.i.JtaPlatformInitiator       : HHH000490: Using JtaPlatform implementation: [org.hibernate.engine.transaction.jta.platform.internal.NoJtaPlatform]
2024-05-24 00:59:31.097 DEBUG 11720 --- [main] o.h.query.spi.NamedQueryRepository       : Checking 0 named HQL queries
2024-05-24 00:59:31.097 DEBUG 11720 --- [main] o.h.query.spi.NamedQueryRepository       : Checking 0 named SQL queries
2024-05-24 00:59:31.108 DEBUG 11720 --- [main] o.h.internal.SessionFactoryRegistry      : Initializing SessionFactoryRegistry : org.hibernate.internal.SessionFactoryRegistry@10b3ea72
2024-05-24 00:59:31.109 DEBUG 11720 --- [main] o.h.internal.SessionFactoryRegistry      : Registering SessionFactory: ff19721d-adbc-4e4a-ab78-db175f0d7545 (<unnamed>)
2024-05-24 00:59:31.109 DEBUG 11720 --- [main] o.h.internal.SessionFactoryRegistry      : Not binding SessionFactory to JNDI, no JNDI name configured
2024-05-24 00:59:31.233 DEBUG 11720 --- [main] .PrePostAnnotationSecurityMetadataSource : @org.springframework.security.access.prepost.PreAuthorize("hasAuthority(\'ADMIN_USER\')") found on specific method: public java.util.List com.myapplication.util.BaseController.findAll()
2024-05-24 00:59:31.280 DEBUG 11720 --- [main] m.DelegatingMethodSecurityMetadataSource : Caching method [CacheKey[com.myapplication.controller.CustomerController; public java.util.List com.myapplication.util.BaseController.findAll()]] with attributes [[authorize: 'hasAuthority('ADMIN_USER')', filter: 'null', filterTarget: 'null']]
2024-05-24 00:59:31.297 DEBUG 11720 --- [main] o.s.s.a.i.a.MethodSecurityInterceptor    : Validated configuration attributes
2024-05-24 00:59:31.302 DEBUG 11720 --- [main] .PrePostAnnotationSecurityMetadataSource : @org.springframework.security.access.prepost.PreAuthorize("hasAuthority(\'ADMIN_USER\')") found on specific method: public java.util.List com.myapplication.util.BaseController.findAll()
2024-05-24 00:59:31.302 DEBUG 11720 --- [main] m.DelegatingMethodSecurityMetadataSource : Caching method [CacheKey[com.myapplication.controller.HousingLocationController; public java.util.List com.myapplication.util.BaseController.findAll()]] with attributes [[authorize: 'hasAuthority('ADMIN_USER')', filter: 'null', filterTarget: 'null']]
2024-05-24 00:59:31.351 DEBUG 11720 --- [main] .PrePostAnnotationSecurityMetadataSource : @org.springframework.security.access.prepost.PreAuthorize("hasAuthority(\'ADMIN_USER\')") found on specific method: public java.util.List com.myapplication.util.BaseController.findAll()
2024-05-24 00:59:31.351 DEBUG 11720 --- [main] m.DelegatingMethodSecurityMetadataSource : Caching method [CacheKey[com.myapplication.controller.PublicationController; public java.util.List com.myapplication.util.BaseController.findAll()]] with attributes [[authorize: 'hasAuthority('ADMIN_USER')', filter: 'null', filterTarget: 'null']]
2024-05-24 00:59:31.928  INFO 11720 --- [main] o.s.s.web.DefaultSecurityFilterChain     : Creating filter chain: OrRequestMatcher [requestMatchers=[Ant [pattern='/oauth/token'], Ant [pattern='/oauth/token_key'], Ant [pattern='/oauth/check_token']]], [org.springframework.security.web.context.request.async.WebAsyncManagerIntegrationFilter@38d308e7, org.springframework.security.web.context.SecurityContextPersistenceFilter@7962c1d5, org.springframework.security.web.header.HeaderWriterFilter@19c06762, org.springframework.security.web.authentication.logout.LogoutFilter@7b4c793b, org.springframework.security.web.authentication.www.BasicAuthenticationFilter@79aba813, org.springframework.security.web.savedrequest.RequestCacheAwareFilter@646c872a, org.springframework.security.web.servletapi.SecurityContextHolderAwareRequestFilter@6cb417fc, org.springframework.security.web.authentication.AnonymousAuthenticationFilter@6b6f73d, org.springframework.security.web.session.SessionManagementFilter@14b4d90b, org.springframework.security.web.access.ExceptionTranslationFilter@4f1f2f84, org.springframework.security.web.access.intercept.FilterSecurityInterceptor@951e911]
2024-05-24 00:59:32.003  INFO 11720 --- [main] o.s.s.web.DefaultSecurityFilterChain     : Creating filter chain: OrRequestMatcher [requestMatchers=[Ant [pattern='/publication/**'], Ant [pattern='/customer/**']]], [org.springframework.security.web.context.request.async.WebAsyncManagerIntegrationFilter@71b32407, org.springframework.security.web.context.SecurityContextPersistenceFilter@3d5e0bf0, org.springframework.security.web.header.HeaderWriterFilter@64d42d3d, org.springframework.web.filter.CorsFilter@1d686622, org.springframework.security.web.authentication.logout.LogoutFilter@5b407336, org.springframework.security.oauth2.provider.authentication.OAuth2AuthenticationProcessingFilter@463a1f47, org.springframework.security.web.savedrequest.RequestCacheAwareFilter@166d576b, org.springframework.security.web.servletapi.SecurityContextHolderAwareRequestFilter@53153d5e, org.springframework.security.web.authentication.AnonymousAuthenticationFilter@400df2b3, org.springframework.security.web.session.SessionManagementFilter@24558113, org.springframework.security.web.access.ExceptionTranslationFilter@31434b63, org.springframework.security.web.access.intercept.FilterSecurityInterceptor@54ec8ab3]
2024-05-24 00:59:32.017  INFO 11720 --- [main] o.s.s.web.DefaultSecurityFilterChain     : Creating filter chain: any request, [org.springframework.security.web.context.request.async.WebAsyncManagerIntegrationFilter@2b76ecd5, org.springframework.security.web.context.SecurityContextPersistenceFilter@3c205259, org.springframework.security.web.header.HeaderWriterFilter@3c38e2bf, org.springframework.security.web.csrf.CsrfFilter@10f192d8, org.springframework.security.web.authentication.logout.LogoutFilter@6520625f, org.springframework.security.web.authentication.UsernamePasswordAuthenticationFilter@47fce2c4, org.springframework.security.web.authentication.ui.DefaultLoginPageGeneratingFilter@5b2c41f9, org.springframework.security.web.authentication.www.BasicAuthenticationFilter@3810806c, org.springframework.security.web.savedrequest.RequestCacheAwareFilter@5bc40f5d, org.springframework.security.web.servletapi.SecurityContextHolderAwareRequestFilter@20923380, org.springframework.security.web.authentication.AnonymousAuthenticationFilter@7bd7c4cf, org.springframework.security.web.session.SessionManagementFilter@205b73d8, org.springframework.security.web.access.ExceptionTranslationFilter@f0d01c9, org.springframework.security.web.access.intercept.FilterSecurityInterceptor@70940cb8]
2024-05-24 00:59:32.255  INFO 11720 --- [main] o.s.s.concurrent.ThreadPoolTaskExecutor  : Initializing ExecutorService 'applicationTaskExecutor'
2024-05-24 00:59:32.455  INFO 11720 --- [main] o.s.b.w.embedded.tomcat.TomcatWebServer  : Tomcat started on port(s): 8080 (http) with context path ''
2024-05-24 00:59:32.458  INFO 11720 --- [main] DeferredRepositoryInitializationListener : Triggering deferred initialization of Spring Data repositories…
2024-05-24 00:59:32.458  INFO 11720 --- [main] DeferredRepositoryInitializationListener : Spring Data repositories initialized!
2024-05-24 00:59:32.471  INFO 11720 --- [main] com.myapplication.MyRestApplication      : Started MyRestApplication in 8.58 seconds (JVM running for 10.319)
2024-05-24 00:59:40.503  INFO 11720 --- [http-nio-8080-exec-2] o.a.c.c.C.[Tomcat].[localhost].[/]       : Initializing Spring DispatcherServlet 'dispatcherServlet'
2024-05-24 00:59:40.503  INFO 11720 --- [http-nio-8080-exec-2] o.s.web.servlet.DispatcherServlet        : Initializing Servlet 'dispatcherServlet'
2024-05-24 00:59:40.512  INFO 11720 --- [http-nio-8080-exec-2] o.s.web.servlet.DispatcherServlet        : Completed initialization in 9 ms
2024-05-24 00:59:40.804 DEBUG 11720 --- [http-nio-8080-exec-2] o.s.s.access.vote.AffirmativeBased       : Voter: org.springframework.security.web.access.expression.WebExpressionVoter@49c7f147, returned: 1
2024-05-24 00:59:41.015 DEBUG 11720 --- [http-nio-8080-exec-2] o.h.stat.internal.StatisticsInitiator    : Statistics initialized [enabled=false]
2024-05-24 00:59:41.024 DEBUG 11720 --- [http-nio-8080-exec-2] o.h.e.t.internal.TransactionImpl         : On TransactionImpl creation, JpaCompliance#isJpaTransactionComplianceEnabled == false
2024-05-24 00:59:41.024 DEBUG 11720 --- [http-nio-8080-exec-2] o.h.e.t.internal.TransactionImpl         : begin
2024-05-24 00:59:41.088 DEBUG 11720 --- [http-nio-8080-exec-2] o.h.q.c.internal.CriteriaQueryImpl       : Rendered criteria query -> select generatedAlias0 from User as generatedAlias0 where generatedAlias0.username=:param0
2024-05-24 00:59:41.106 DEBUG 11720 --- [http-nio-8080-exec-2] o.h.h.i.QueryTranslatorFactoryInitiator  : QueryTranslatorFactory: org.hibernate.hql.internal.ast.ASTQueryTranslatorFactory@6e7e3062
2024-05-24 00:59:41.125 DEBUG 11720 --- [http-nio-8080-exec-2] o.h.h.internal.ast.QueryTranslatorImpl   : parse() - HQL: select generatedAlias0 from com.myapplication.model.User as generatedAlias0 where generatedAlias0.username=:param0
2024-05-24 00:59:41.128 DEBUG 11720 --- [http-nio-8080-exec-2] o.h.hql.internal.ast.ErrorTracker        : throwQueryException() : no errors
2024-05-24 00:59:41.137 DEBUG 11720 --- [http-nio-8080-exec-2] o.h.h.internal.ast.QueryTranslatorImpl   : --- HQL AST ---
 \-[QUERY] Node: 'query'
    +-[SELECT_FROM] Node: 'SELECT_FROM'
    |  +-[FROM] Node: 'from'
    |  |  \-[RANGE] Node: 'RANGE'
    |  |     +-[DOT] Node: '.'
    |  |     |  +-[DOT] Node: '.'
    |  |     |  |  +-[DOT] Node: '.'
    |  |     |  |  |  +-[IDENT] Node: 'com'
    |  |     |  |  |  \-[IDENT] Node: 'myapplication'
    |  |     |  |  \-[IDENT] Node: 'model'
    |  |     |  \-[IDENT] Node: 'User'
    |  |     \-[ALIAS] Node: 'generatedAlias0'
    |  \-[SELECT] Node: 'select'
    |     \-[IDENT] Node: 'generatedAlias0'
    \-[WHERE] Node: 'where'
       \-[EQ] Node: '='
          +-[DOT] Node: '.'
          |  +-[IDENT] Node: 'generatedAlias0'
          |  \-[IDENT] Node: 'username'
          \-[COLON] Node: ':'
             \-[IDENT] Node: 'param0'

2024-05-24 00:59:41.163 DEBUG 11720 --- [http-nio-8080-exec-2] o.h.hql.internal.antlr.HqlSqlBaseWalker  : select << begin [level=1, statement=select]
2024-05-24 00:59:41.177 DEBUG 11720 --- [http-nio-8080-exec-2] o.h.hql.internal.ast.tree.FromElement    : FromClause{level=1} : com.myapplication.model.User (generatedAlias0) -> user0_
2024-05-24 00:59:41.177 DEBUG 11720 --- [http-nio-8080-exec-2] o.h.h.i.ast.tree.FromReferenceNode       : Resolved : generatedAlias0 -> user0_.ID
2024-05-24 00:59:41.181 DEBUG 11720 --- [http-nio-8080-exec-2] o.h.h.i.ast.tree.FromReferenceNode       : Resolved : generatedAlias0 -> user0_.ID
2024-05-24 00:59:41.181 DEBUG 11720 --- [http-nio-8080-exec-2] o.h.hql.internal.ast.tree.DotNode        : getDataType() : username -> org.hibernate.type.StringType@12abcd1e
2024-05-24 00:59:41.183 DEBUG 11720 --- [http-nio-8080-exec-2] o.h.h.i.ast.tree.FromReferenceNode       : Resolved : generatedAlias0.username -> user0_.USER_NAME
2024-05-24 00:59:41.185 DEBUG 11720 --- [http-nio-8080-exec-2] o.h.hql.internal.antlr.HqlSqlBaseWalker  : select : finishing up [level=1, statement=select]
2024-05-24 00:59:41.185 DEBUG 11720 --- [http-nio-8080-exec-2] o.h.hql.internal.ast.HqlSqlWalker        : processQuery() :  ( SELECT ( {select clause} user0_.ID ) ( FromClause{level=1} USER user0_ ) ( where ( = ( user0_.USER_NAME user0_.ID username ) ? ) ) )
2024-05-24 00:59:41.190 DEBUG 11720 --- [http-nio-8080-exec-2] o.h.hql.internal.ast.util.JoinProcessor  : Tables referenced from query nodes:
 \-QueryNode
    +-SelectClause
    | referencedTables(entity User): [USER]
    |  +-IdentNode
    |  | persister: SingleTableEntityPersister(com.myapplication.model.User)
    |  | originalText: generatedAlias0
    |  \-SqlFragment
    +-FromClause
    |  \-FromElement
    \-SqlNode
       \-BinaryLogicOperatorNode
          +-DotNode
          | persister: SingleTableEntityPersister(com.myapplication.model.User)
          | path: generatedAlias0.username
          |  +-IdentNode
          |  | persister: SingleTableEntityPersister(com.myapplication.model.User)
          |  | originalText: generatedAlias0
          |  \-IdentNode
          |    persister: null
          |    originalText: username
          \-ParameterNode

2024-05-24 00:59:41.194 DEBUG 11720 --- [http-nio-8080-exec-2] o.h.hql.internal.ast.util.JoinProcessor  : Using FROM fragment [USER user0_]
2024-05-24 00:59:41.195 DEBUG 11720 --- [http-nio-8080-exec-2] o.h.hql.internal.antlr.HqlSqlBaseWalker  : select >> end [level=1, statement=select]
2024-05-24 00:59:41.195 DEBUG 11720 --- [http-nio-8080-exec-2] o.h.h.internal.ast.QueryTranslatorImpl   : --- SQL AST ---
 \-[SELECT] QueryNode: 'SELECT'  querySpaces (USER)
    +-[SELECT_CLAUSE] SelectClause: '{select clause}'
    |  +-[ALIAS_REF] IdentNode: 'user0_.ID as id1_4_' {alias=generatedAlias0, className=com.myapplication.model.User, tableAlias=user0_}
    |  \-[SQL_TOKEN] SqlFragment: 'user0_.ACCOUNT_EXPIRED as account_2_4_, user0_.ACCOUNT_LOCKED as account_3_4_, user0_.CREDENTIALS_EXPIRED as credenti4_4_, user0_.enabled as enabled5_4_, user0_.PASSWORD as password6_4_, user0_.USER_NAME as user_nam7_4_'
    +-[FROM] FromClause: 'from' FromClause{level=1, fromElementCounter=1, fromElements=1, fromElementByClassAlias=[generatedAlias0], fromElementByTableAlias=[user0_], fromElementsByPath=[], collectionJoinFromElementsByPath=[], impliedElements=[]}
    |  \-[FROM_FRAGMENT] FromElement: 'USER user0_' FromElement{explicit,not a collection join,not a fetch join,fetch non-lazy properties,classAlias=generatedAlias0,role=null,tableName=USER,tableAlias=user0_,origin=null,columns={,className=com.myapplication.model.User}}
    \-[WHERE] SqlNode: 'where'
       \-[EQ] BinaryLogicOperatorNode: '='
          +-[DOT] DotNode: 'user0_.USER_NAME' {propertyName=username,dereferenceType=PRIMITIVE,getPropertyPath=username,path=generatedAlias0.username,tableAlias=user0_,className=com.myapplication.model.User,classAlias=generatedAlias0}
          |  +-[ALIAS_REF] IdentNode: 'user0_.ID' {alias=generatedAlias0, className=com.myapplication.model.User, tableAlias=user0_}
          |  \-[IDENT] IdentNode: 'username' {originalText=username}
          \-[NAMED_PARAM] ParameterNode: '?' {name=param0, expectedType=org.hibernate.type.StringType@12abcd1e}

2024-05-24 00:59:41.195 DEBUG 11720 --- [http-nio-8080-exec-2] o.h.hql.internal.ast.ErrorTracker        : throwQueryException() : no errors
2024-05-24 00:59:41.202 DEBUG 11720 --- [http-nio-8080-exec-2] o.h.h.internal.ast.QueryTranslatorImpl   : HQL: select generatedAlias0 from com.myapplication.model.User as generatedAlias0 where generatedAlias0.username=:param0
2024-05-24 00:59:41.202 DEBUG 11720 --- [http-nio-8080-exec-2] o.h.h.internal.ast.QueryTranslatorImpl   : SQL: select user0_.ID as id1_4_, user0_.ACCOUNT_EXPIRED as account_2_4_, user0_.ACCOUNT_LOCKED as account_3_4_, user0_.CREDENTIALS_EXPIRED as credenti4_4_, user0_.enabled as enabled5_4_, user0_.PASSWORD as password6_4_, user0_.USER_NAME as user_nam7_4_ from USER user0_ where user0_.USER_NAME=?
2024-05-24 00:59:41.202 DEBUG 11720 --- [http-nio-8080-exec-2] o.h.hql.internal.ast.ErrorTracker        : throwQueryException() : no errors
2024-05-24 00:59:41.217 DEBUG 11720 --- [http-nio-8080-exec-2] org.hibernate.SQL                        : select user0_.ID as id1_4_, user0_.ACCOUNT_EXPIRED as account_2_4_, user0_.ACCOUNT_LOCKED as account_3_4_, user0_.CREDENTIALS_EXPIRED as credenti4_4_, user0_.enabled as enabled5_4_, user0_.PASSWORD as password6_4_, user0_.USER_NAME as user_nam7_4_ from USER user0_ where user0_.USER_NAME=?
2024-05-24 00:59:41.251 DEBUG 11720 --- [http-nio-8080-exec-2] org.hibernate.loader.Loader              : Result set row: 0
2024-05-24 00:59:41.254 DEBUG 11720 --- [http-nio-8080-exec-2] org.hibernate.loader.Loader              : Result row: EntityKey[com.myapplication.model.User#1]
2024-05-24 00:59:41.262 DEBUG 11720 --- [http-nio-8080-exec-2] o.h.engine.internal.TwoPhaseLoad         : Resolving attributes for [com.myapplication.model.User#1]
2024-05-24 00:59:41.262 DEBUG 11720 --- [http-nio-8080-exec-2] o.h.engine.internal.TwoPhaseLoad         : Processing attribute `accountExpired` : value = false
2024-05-24 00:59:41.262 DEBUG 11720 --- [http-nio-8080-exec-2] o.h.engine.internal.TwoPhaseLoad         : Attribute (`accountExpired`)  - enhanced for lazy-loading? - false
2024-05-24 00:59:41.262 DEBUG 11720 --- [http-nio-8080-exec-2] o.h.engine.internal.TwoPhaseLoad         : Processing attribute `accountLocked` : value = false
2024-05-24 00:59:41.262 DEBUG 11720 --- [http-nio-8080-exec-2] o.h.engine.internal.TwoPhaseLoad         : Attribute (`accountLocked`)  - enhanced for lazy-loading? - false
2024-05-24 00:59:41.262 DEBUG 11720 --- [http-nio-8080-exec-2] o.h.engine.internal.TwoPhaseLoad         : Processing attribute `authorities` : value = NOT NULL COLLECTION
2024-05-24 00:59:41.263 DEBUG 11720 --- [http-nio-8080-exec-2] o.h.engine.internal.TwoPhaseLoad         : Attribute (`authorities`)  - enhanced for lazy-loading? - false
2024-05-24 00:59:41.274 DEBUG 11720 --- [http-nio-8080-exec-2] o.h.engine.internal.TwoPhaseLoad         : Processing attribute `credentialsExpired` : value = false
2024-05-24 00:59:41.274 DEBUG 11720 --- [http-nio-8080-exec-2] o.h.engine.internal.TwoPhaseLoad         : Attribute (`credentialsExpired`)  - enhanced for lazy-loading? - false
2024-05-24 00:59:41.274 DEBUG 11720 --- [http-nio-8080-exec-2] o.h.engine.internal.TwoPhaseLoad         : Processing attribute `enabled` : value = true
2024-05-24 00:59:41.274 DEBUG 11720 --- [http-nio-8080-exec-2] o.h.engine.internal.TwoPhaseLoad         : Attribute (`enabled`)  - enhanced for lazy-loading? - false
2024-05-24 00:59:41.274 DEBUG 11720 --- [http-nio-8080-exec-2] o.h.engine.internal.TwoPhaseLoad         : Processing attribute `password` : value = $2a$08$qvrzQZ7jJ7oy2p/msL4M0.l83Cd0jNsX6AJUitbgRXGzge4j035ha
2024-05-24 00:59:41.274 DEBUG 11720 --- [http-nio-8080-exec-2] o.h.engine.internal.TwoPhaseLoad         : Attribute (`password`)  - enhanced for lazy-loading? - false
2024-05-24 00:59:41.274 DEBUG 11720 --- [http-nio-8080-exec-2] o.h.engine.internal.TwoPhaseLoad         : Processing attribute `username` : value = admin
2024-05-24 00:59:41.274 DEBUG 11720 --- [http-nio-8080-exec-2] o.h.engine.internal.TwoPhaseLoad         : Attribute (`username`)  - enhanced for lazy-loading? - false
2024-05-24 00:59:41.276 DEBUG 11720 --- [http-nio-8080-exec-2] o.h.engine.internal.TwoPhaseLoad         : Done materializing entity [com.myapplication.model.User#1]
2024-05-24 00:59:41.278 DEBUG 11720 --- [http-nio-8080-exec-2] o.h.e.t.internal.TransactionImpl         : committing
2024-05-24 00:59:41.314 DEBUG 11720 --- [http-nio-8080-exec-2] stractLoadPlanBasedCollectionInitializer : Loading collection: [com.myapplication.model.User.authorities#1]
2024-05-24 00:59:41.314 DEBUG 11720 --- [http-nio-8080-exec-2] org.hibernate.SQL                        : select authoritie0_.USER_ID as user_id1_5_0_, authoritie0_.AUTHORITY_ID as authorit2_5_0_, authority1_.ID as id1_0_1_, authority1_.NAME as name2_0_1_ from USERS_AUTHORITIES authoritie0_ inner join AUTHORITY authority1_ on authoritie0_.AUTHORITY_ID=authority1_.ID where authoritie0_.USER_ID=? order by authority1_.ID asc
2024-05-24 00:59:41.326 DEBUG 11720 --- [http-nio-8080-exec-2] o.h.l.p.e.p.i.ResultSetProcessorImpl     : Preparing collection initializer : [com.myapplication.model.User.authorities#1]
2024-05-24 00:59:41.332 DEBUG 11720 --- [http-nio-8080-exec-2] e.p.i.CollectionReferenceInitializerImpl : Found row of collection: [com.myapplication.model.User.authorities#1]
2024-05-24 00:59:41.337 DEBUG 11720 --- [http-nio-8080-exec-2] o.h.engine.internal.TwoPhaseLoad         : Resolving attributes for [com.myapplication.model.Authority#1]
2024-05-24 00:59:41.337 DEBUG 11720 --- [http-nio-8080-exec-2] o.h.engine.internal.TwoPhaseLoad         : Processing attribute `name` : value = ADMIN_USER
2024-05-24 00:59:41.337 DEBUG 11720 --- [http-nio-8080-exec-2] o.h.engine.internal.TwoPhaseLoad         : Attribute (`name`)  - enhanced for lazy-loading? - false
2024-05-24 00:59:41.337 DEBUG 11720 --- [http-nio-8080-exec-2] o.h.engine.internal.TwoPhaseLoad         : Done materializing entity [com.myapplication.model.Authority#1]
2024-05-24 00:59:41.338 DEBUG 11720 --- [http-nio-8080-exec-2] o.h.e.l.internal.CollectionLoadContext   : 1 collections were found in result set for role: com.myapplication.model.User.authorities
2024-05-24 00:59:41.338 DEBUG 11720 --- [http-nio-8080-exec-2] o.h.e.l.internal.CollectionLoadContext   : Collection fully initialized: [com.myapplication.model.User.authorities#1]
2024-05-24 00:59:41.338 DEBUG 11720 --- [http-nio-8080-exec-2] o.h.e.l.internal.CollectionLoadContext   : 1 collections initialized for role: com.myapplication.model.User.authorities
2024-05-24 00:59:41.338 DEBUG 11720 --- [http-nio-8080-exec-2] stractLoadPlanBasedCollectionInitializer : Done loading collection
2024-05-24 00:59:41.558  INFO 11720 --- [http-nio-8080-exec-2] o.s.s.o.p.token.store.JdbcTokenStore     : Failed to find access token for token 0927d714-45b6-4cde-ad66-6e5a5029ba8f
2024-05-24 00:59:51.763 DEBUG 11720 --- [http-nio-8080-exec-3] o.s.s.access.vote.AffirmativeBased       : Voter: org.springframework.security.web.access.expression.WebExpressionVoter@49c7f147, returned: 1
2024-05-24 00:59:51.828 DEBUG 11720 --- [http-nio-8080-exec-3] o.h.e.t.internal.TransactionImpl         : On TransactionImpl creation, JpaCompliance#isJpaTransactionComplianceEnabled == false
2024-05-24 00:59:51.828 DEBUG 11720 --- [http-nio-8080-exec-3] o.h.e.t.internal.TransactionImpl         : begin
2024-05-24 00:59:51.845 DEBUG 11720 --- [http-nio-8080-exec-3] o.h.q.c.internal.CriteriaQueryImpl       : Rendered criteria query -> select generatedAlias0 from User as generatedAlias0 where generatedAlias0.username=:param0
2024-05-24 00:59:51.845 DEBUG 11720 --- [http-nio-8080-exec-3] org.hibernate.SQL                        : select user0_.ID as id1_4_, user0_.ACCOUNT_EXPIRED as account_2_4_, user0_.ACCOUNT_LOCKED as account_3_4_, user0_.CREDENTIALS_EXPIRED as credenti4_4_, user0_.enabled as enabled5_4_, user0_.PASSWORD as password6_4_, user0_.USER_NAME as user_nam7_4_ from USER user0_ where user0_.USER_NAME=?
2024-05-24 00:59:51.868 DEBUG 11720 --- [http-nio-8080-exec-3] org.hibernate.loader.Loader              : Result set row: 0
2024-05-24 00:59:51.868 DEBUG 11720 --- [http-nio-8080-exec-3] org.hibernate.loader.Loader              : Result row: EntityKey[com.myapplication.model.User#1]
2024-05-24 00:59:51.868 DEBUG 11720 --- [http-nio-8080-exec-3] o.h.engine.internal.TwoPhaseLoad         : Resolving attributes for [com.myapplication.model.User#1]
2024-05-24 00:59:51.868 DEBUG 11720 --- [http-nio-8080-exec-3] o.h.engine.internal.TwoPhaseLoad         : Processing attribute `accountExpired` : value = false
2024-05-24 00:59:51.868 DEBUG 11720 --- [http-nio-8080-exec-3] o.h.engine.internal.TwoPhaseLoad         : Attribute (`accountExpired`)  - enhanced for lazy-loading? - false
2024-05-24 00:59:51.868 DEBUG 11720 --- [http-nio-8080-exec-3] o.h.engine.internal.TwoPhaseLoad         : Processing attribute `accountLocked` : value = false
2024-05-24 00:59:51.868 DEBUG 11720 --- [http-nio-8080-exec-3] o.h.engine.internal.TwoPhaseLoad         : Attribute (`accountLocked`)  - enhanced for lazy-loading? - false
2024-05-24 00:59:51.868 DEBUG 11720 --- [http-nio-8080-exec-3] o.h.engine.internal.TwoPhaseLoad         : Processing attribute `authorities` : value = NOT NULL COLLECTION
2024-05-24 00:59:51.868 DEBUG 11720 --- [http-nio-8080-exec-3] o.h.engine.internal.TwoPhaseLoad         : Attribute (`authorities`)  - enhanced for lazy-loading? - false
2024-05-24 00:59:51.869 DEBUG 11720 --- [http-nio-8080-exec-3] o.h.engine.internal.TwoPhaseLoad         : Processing attribute `credentialsExpired` : value = false
2024-05-24 00:59:51.869 DEBUG 11720 --- [http-nio-8080-exec-3] o.h.engine.internal.TwoPhaseLoad         : Attribute (`credentialsExpired`)  - enhanced for lazy-loading? - false
2024-05-24 00:59:51.869 DEBUG 11720 --- [http-nio-8080-exec-3] o.h.engine.internal.TwoPhaseLoad         : Processing attribute `enabled` : value = true
2024-05-24 00:59:51.869 DEBUG 11720 --- [http-nio-8080-exec-3] o.h.engine.internal.TwoPhaseLoad         : Attribute (`enabled`)  - enhanced for lazy-loading? - false
2024-05-24 00:59:51.869 DEBUG 11720 --- [http-nio-8080-exec-3] o.h.engine.internal.TwoPhaseLoad         : Processing attribute `password` : value = $2a$08$qvrzQZ7jJ7oy2p/msL4M0.l83Cd0jNsX6AJUitbgRXGzge4j035ha
2024-05-24 00:59:51.869 DEBUG 11720 --- [http-nio-8080-exec-3] o.h.engine.internal.TwoPhaseLoad         : Attribute (`password`)  - enhanced for lazy-loading? - false
2024-05-24 00:59:51.869 DEBUG 11720 --- [http-nio-8080-exec-3] o.h.engine.internal.TwoPhaseLoad         : Processing attribute `username` : value = admin
2024-05-24 00:59:51.869 DEBUG 11720 --- [http-nio-8080-exec-3] o.h.engine.internal.TwoPhaseLoad         : Attribute (`username`)  - enhanced for lazy-loading? - false
2024-05-24 00:59:51.869 DEBUG 11720 --- [http-nio-8080-exec-3] o.h.engine.internal.TwoPhaseLoad         : Done materializing entity [com.myapplication.model.User#1]
2024-05-24 00:59:51.869 DEBUG 11720 --- [http-nio-8080-exec-3] o.h.e.t.internal.TransactionImpl         : committing
2024-05-24 00:59:51.899 DEBUG 11720 --- [http-nio-8080-exec-3] stractLoadPlanBasedCollectionInitializer : Loading collection: [com.myapplication.model.User.authorities#1]
2024-05-24 00:59:51.900 DEBUG 11720 --- [http-nio-8080-exec-3] org.hibernate.SQL                        : select authoritie0_.USER_ID as user_id1_5_0_, authoritie0_.AUTHORITY_ID as authorit2_5_0_, authority1_.ID as id1_0_1_, authority1_.NAME as name2_0_1_ from USERS_AUTHORITIES authoritie0_ inner join AUTHORITY authority1_ on authoritie0_.AUTHORITY_ID=authority1_.ID where authoritie0_.USER_ID=? order by authority1_.ID asc
2024-05-24 00:59:51.910 DEBUG 11720 --- [http-nio-8080-exec-3] o.h.l.p.e.p.i.ResultSetProcessorImpl     : Preparing collection initializer : [com.myapplication.model.User.authorities#1]
2024-05-24 00:59:51.910 DEBUG 11720 --- [http-nio-8080-exec-3] e.p.i.CollectionReferenceInitializerImpl : Found row of collection: [com.myapplication.model.User.authorities#1]
2024-05-24 00:59:51.910 DEBUG 11720 --- [http-nio-8080-exec-3] o.h.engine.internal.TwoPhaseLoad         : Resolving attributes for [com.myapplication.model.Authority#1]
2024-05-24 00:59:51.910 DEBUG 11720 --- [http-nio-8080-exec-3] o.h.engine.internal.TwoPhaseLoad         : Processing attribute `name` : value = ADMIN_USER
2024-05-24 00:59:51.910 DEBUG 11720 --- [http-nio-8080-exec-3] o.h.engine.internal.TwoPhaseLoad         : Attribute (`name`)  - enhanced for lazy-loading? - false
2024-05-24 00:59:51.910 DEBUG 11720 --- [http-nio-8080-exec-3] o.h.engine.internal.TwoPhaseLoad         : Done materializing entity [com.myapplication.model.Authority#1]
2024-05-24 00:59:51.910 DEBUG 11720 --- [http-nio-8080-exec-3] o.h.e.l.internal.CollectionLoadContext   : 1 collections were found in result set for role: com.myapplication.model.User.authorities
2024-05-24 00:59:51.910 DEBUG 11720 --- [http-nio-8080-exec-3] o.h.e.l.internal.CollectionLoadContext   : Collection fully initialized: [com.myapplication.model.User.authorities#1]
2024-05-24 00:59:51.910 DEBUG 11720 --- [http-nio-8080-exec-3] o.h.e.l.internal.CollectionLoadContext   : 1 collections initialized for role: com.myapplication.model.User.authorities
2024-05-24 00:59:51.910 DEBUG 11720 --- [http-nio-8080-exec-3] stractLoadPlanBasedCollectionInitializer : Done loading collection
2024-05-24 01:09:29.056 DEBUG 11720 --- [http-nio-8080-exec-6] o.s.s.access.vote.AffirmativeBased       : Voter: org.springframework.security.web.access.expression.WebExpressionVoter@49c7f147, returned: -1
2024-05-24 01:10:02.007 DEBUG 11720 --- [http-nio-8080-exec-7] o.s.s.access.vote.AffirmativeBased       : Voter: org.springframework.security.web.access.expression.WebExpressionVoter@49c7f147, returned: -1
2024-05-24 01:23:28.376  INFO 49208 --- [main] com.myapplication.MyRestApplication      : Starting MyRestApplication on RENE with PID 49208 (C:\Users\retro\eclipse-workspace\my-rest-application\target\classes started by retro in C:\Users\retro\eclipse-workspace\my-rest-application)
2024-05-24 01:23:28.380  INFO 49208 --- [main] com.myapplication.MyRestApplication      : No active profile set, falling back to default profiles: default
2024-05-24 01:23:29.579  INFO 49208 --- [main] .s.d.r.c.RepositoryConfigurationDelegate : Bootstrapping Spring Data JPA repositories in DEFERRED mode.
2024-05-24 01:23:29.629  INFO 49208 --- [main] .s.d.r.c.RepositoryConfigurationDelegate : Finished Spring Data repository scanning in 35ms. Found 0 JPA repository interfaces.
2024-05-24 01:23:30.110  INFO 49208 --- [main] trationDelegate$BeanPostProcessorChecker : Bean 'org.springframework.security.access.expression.method.DefaultMethodSecurityExpressionHandler@d277579' of type [org.springframework.security.access.expression.method.DefaultMethodSecurityExpressionHandler] is not eligible for getting processed by all BeanPostProcessors (for example: not eligible for auto-proxying)
2024-05-24 01:23:30.120  INFO 49208 --- [main] trationDelegate$BeanPostProcessorChecker : Bean 'methodSecurityMetadataSource' of type [org.springframework.security.access.method.DelegatingMethodSecurityMetadataSource] is not eligible for getting processed by all BeanPostProcessors (for example: not eligible for auto-proxying)
2024-05-24 01:23:30.453  INFO 49208 --- [main] o.s.b.w.embedded.tomcat.TomcatWebServer  : Tomcat initialized with port(s): 8080 (http)
2024-05-24 01:23:30.480  INFO 49208 --- [main] o.apache.catalina.core.StandardService   : Starting service [Tomcat]
2024-05-24 01:23:30.480  INFO 49208 --- [main] org.apache.catalina.core.StandardEngine  : Starting Servlet engine: [Apache Tomcat/9.0.35]
2024-05-24 01:23:30.614  INFO 49208 --- [main] o.a.c.c.C.[Tomcat].[localhost].[/]       : Initializing Spring embedded WebApplicationContext
2024-05-24 01:23:30.614  INFO 49208 --- [main] o.s.web.context.ContextLoader            : Root WebApplicationContext: initialization completed in 2177 ms
2024-05-24 01:23:30.745  WARN 49208 --- [main] JpaBaseConfiguration$JpaWebConfiguration : spring.jpa.open-in-view is enabled by default. Therefore, database queries may be performed during view rendering. Explicitly configure spring.jpa.open-in-view to disable this warning
2024-05-24 01:23:30.846 DEBUG 49208 --- [main] o.h.i.internal.IntegratorServiceImpl     : Adding Integrator [org.hibernate.cfg.beanvalidation.BeanValidationIntegrator].
2024-05-24 01:23:30.850 DEBUG 49208 --- [main] o.h.i.internal.IntegratorServiceImpl     : Adding Integrator [org.hibernate.secure.spi.JaccIntegrator].
2024-05-24 01:23:30.854 DEBUG 49208 --- [main] o.h.i.internal.IntegratorServiceImpl     : Adding Integrator [org.hibernate.cache.internal.CollectionCacheInvalidator].
2024-05-24 01:23:30.894  INFO 49208 --- [main] org.hibernate.Version                    : HHH000412: Hibernate ORM core version 5.4.15.Final
2024-05-24 01:23:30.898 DEBUG 49208 --- [main] org.hibernate.cfg.Environment            : HHH000206: hibernate.properties not found
2024-05-24 01:23:31.176 DEBUG 49208 --- [main] org.hibernate.cfg.Configuration          : Building session factory using internal StandardServiceRegistryBuilder
2024-05-24 01:23:31.183 DEBUG 49208 --- [main] o.hibernate.service.spi.ServiceBinding   : Overriding existing service binding [org.hibernate.secure.spi.JaccService]
2024-05-24 01:23:31.183 DEBUG 49208 --- [main] org.hibernate.cfg.Configuration          : Building session factory using provided StandardServiceRegistry
2024-05-24 01:23:31.199 DEBUG 49208 --- [main] o.h.c.internal.RegionFactoryInitiator    : Cannot default RegionFactory based on registered strategies as `[]` RegionFactory strategies were registered
2024-05-24 01:23:31.201 DEBUG 49208 --- [main] o.h.c.internal.RegionFactoryInitiator    : Cache region factory : org.hibernate.cache.internal.NoCachingRegionFactory
2024-05-24 01:23:31.228  INFO 49208 --- [main] o.hibernate.annotations.common.Version   : HCANN000001: Hibernate Commons Annotations {5.1.0.Final}
2024-05-24 01:23:31.278 DEBUG 49208 --- [main] org.hibernate.type.BasicTypeRegistry     : Adding type registration boolean -> org.hibernate.type.BooleanType@76396509
2024-05-24 01:23:31.278 DEBUG 49208 --- [main] org.hibernate.type.BasicTypeRegistry     : Adding type registration boolean -> org.hibernate.type.BooleanType@76396509
2024-05-24 01:23:31.279 DEBUG 49208 --- [main] org.hibernate.type.BasicTypeRegistry     : Adding type registration java.lang.Boolean -> org.hibernate.type.BooleanType@76396509
2024-05-24 01:23:31.279 DEBUG 49208 --- [main] org.hibernate.type.BasicTypeRegistry     : Adding type registration numeric_boolean -> org.hibernate.type.NumericBooleanType@7b96de8d
2024-05-24 01:23:31.280 DEBUG 49208 --- [main] org.hibernate.type.BasicTypeRegistry     : Adding type registration true_false -> org.hibernate.type.TrueFalseType@119290b9
2024-05-24 01:23:31.280 DEBUG 49208 --- [main] org.hibernate.type.BasicTypeRegistry     : Adding type registration yes_no -> org.hibernate.type.YesNoType@512abf25
2024-05-24 01:23:31.282 DEBUG 49208 --- [main] org.hibernate.type.BasicTypeRegistry     : Adding type registration byte -> org.hibernate.type.ByteType@5fef0c19
2024-05-24 01:23:31.282 DEBUG 49208 --- [main] org.hibernate.type.BasicTypeRegistry     : Adding type registration byte -> org.hibernate.type.ByteType@5fef0c19
2024-05-24 01:23:31.282 DEBUG 49208 --- [main] org.hibernate.type.BasicTypeRegistry     : Adding type registration java.lang.Byte -> org.hibernate.type.ByteType@5fef0c19
2024-05-24 01:23:31.284 DEBUG 49208 --- [main] org.hibernate.type.BasicTypeRegistry     : Adding type registration character -> org.hibernate.type.CharacterType@34a20f16
2024-05-24 01:23:31.284 DEBUG 49208 --- [main] org.hibernate.type.BasicTypeRegistry     : Adding type registration char -> org.hibernate.type.CharacterType@34a20f16
2024-05-24 01:23:31.284 DEBUG 49208 --- [main] org.hibernate.type.BasicTypeRegistry     : Adding type registration java.lang.Character -> org.hibernate.type.CharacterType@34a20f16
2024-05-24 01:23:31.285 DEBUG 49208 --- [main] org.hibernate.type.BasicTypeRegistry     : Adding type registration short -> org.hibernate.type.ShortType@67b61834
2024-05-24 01:23:31.286 DEBUG 49208 --- [main] org.hibernate.type.BasicTypeRegistry     : Adding type registration short -> org.hibernate.type.ShortType@67b61834
2024-05-24 01:23:31.286 DEBUG 49208 --- [main] org.hibernate.type.BasicTypeRegistry     : Adding type registration java.lang.Short -> org.hibernate.type.ShortType@67b61834
2024-05-24 01:23:31.287 DEBUG 49208 --- [main] org.hibernate.type.BasicTypeRegistry     : Adding type registration integer -> org.hibernate.type.IntegerType@691567ea
2024-05-24 01:23:31.288 DEBUG 49208 --- [main] org.hibernate.type.BasicTypeRegistry     : Adding type registration int -> org.hibernate.type.IntegerType@691567ea
2024-05-24 01:23:31.288 DEBUG 49208 --- [main] org.hibernate.type.BasicTypeRegistry     : Adding type registration java.lang.Integer -> org.hibernate.type.IntegerType@691567ea
2024-05-24 01:23:31.289 DEBUG 49208 --- [main] org.hibernate.type.BasicTypeRegistry     : Adding type registration long -> org.hibernate.type.LongType@6de7778f
2024-05-24 01:23:31.290 DEBUG 49208 --- [main] org.hibernate.type.BasicTypeRegistry     : Adding type registration long -> org.hibernate.type.LongType@6de7778f
2024-05-24 01:23:31.290 DEBUG 49208 --- [main] org.hibernate.type.BasicTypeRegistry     : Adding type registration java.lang.Long -> org.hibernate.type.LongType@6de7778f
2024-05-24 01:23:31.291 DEBUG 49208 --- [main] org.hibernate.type.BasicTypeRegistry     : Adding type registration float -> org.hibernate.type.FloatType@50ec4bfc
2024-05-24 01:23:31.292 DEBUG 49208 --- [main] org.hibernate.type.BasicTypeRegistry     : Adding type registration float -> org.hibernate.type.FloatType@50ec4bfc
2024-05-24 01:23:31.292 DEBUG 49208 --- [main] org.hibernate.type.BasicTypeRegistry     : Adding type registration java.lang.Float -> org.hibernate.type.FloatType@50ec4bfc
2024-05-24 01:23:31.293 DEBUG 49208 --- [main] org.hibernate.type.BasicTypeRegistry     : Adding type registration double -> org.hibernate.type.DoubleType@7558633
2024-05-24 01:23:31.293 DEBUG 49208 --- [main] org.hibernate.type.BasicTypeRegistry     : Adding type registration double -> org.hibernate.type.DoubleType@7558633
2024-05-24 01:23:31.293 DEBUG 49208 --- [main] org.hibernate.type.BasicTypeRegistry     : Adding type registration java.lang.Double -> org.hibernate.type.DoubleType@7558633
2024-05-24 01:23:31.294 DEBUG 49208 --- [main] org.hibernate.type.BasicTypeRegistry     : Adding type registration big_decimal -> org.hibernate.type.BigDecimalType@3815146b
2024-05-24 01:23:31.294 DEBUG 49208 --- [main] org.hibernate.type.BasicTypeRegistry     : Adding type registration java.math.BigDecimal -> org.hibernate.type.BigDecimalType@3815146b
2024-05-24 01:23:31.295 DEBUG 49208 --- [main] org.hibernate.type.BasicTypeRegistry     : Adding type registration big_integer -> org.hibernate.type.BigIntegerType@2f2e4bde
2024-05-24 01:23:31.295 DEBUG 49208 --- [main] org.hibernate.type.BasicTypeRegistry     : Adding type registration java.math.BigInteger -> org.hibernate.type.BigIntegerType@2f2e4bde
2024-05-24 01:23:31.295 DEBUG 49208 --- [main] org.hibernate.type.BasicTypeRegistry     : Adding type registration string -> org.hibernate.type.StringType@14b4340c
2024-05-24 01:23:31.295 DEBUG 49208 --- [main] org.hibernate.type.BasicTypeRegistry     : Adding type registration java.lang.String -> org.hibernate.type.StringType@14b4340c
2024-05-24 01:23:31.295 DEBUG 49208 --- [main] org.hibernate.type.BasicTypeRegistry     : Adding type registration nstring -> org.hibernate.type.StringNVarcharType@20349058
2024-05-24 01:23:31.297 DEBUG 49208 --- [main] org.hibernate.type.BasicTypeRegistry     : Adding type registration ncharacter -> org.hibernate.type.CharacterNCharType@33d28f0a
2024-05-24 01:23:31.297 DEBUG 49208 --- [main] org.hibernate.type.BasicTypeRegistry     : Adding type registration url -> org.hibernate.type.UrlType@41aebbb4
2024-05-24 01:23:31.298 DEBUG 49208 --- [main] org.hibernate.type.BasicTypeRegistry     : Adding type registration java.net.URL -> org.hibernate.type.UrlType@41aebbb4
2024-05-24 01:23:31.298 DEBUG 49208 --- [main] org.hibernate.type.BasicTypeRegistry     : Adding type registration Duration -> org.hibernate.type.DurationType@34279b8a
2024-05-24 01:23:31.298 DEBUG 49208 --- [main] org.hibernate.type.BasicTypeRegistry     : Adding type registration java.time.Duration -> org.hibernate.type.DurationType@34279b8a
2024-05-24 01:23:31.299 DEBUG 49208 --- [main] org.hibernate.type.BasicTypeRegistry     : Adding type registration Instant -> org.hibernate.type.InstantType@6f91fbda
2024-05-24 01:23:31.300 DEBUG 49208 --- [main] org.hibernate.type.BasicTypeRegistry     : Adding type registration java.time.Instant -> org.hibernate.type.InstantType@6f91fbda
2024-05-24 01:23:31.301 DEBUG 49208 --- [main] org.hibernate.type.BasicTypeRegistry     : Adding type registration LocalDateTime -> org.hibernate.type.LocalDateTimeType@6d7ad0f5
2024-05-24 01:23:31.302 DEBUG 49208 --- [main] org.hibernate.type.BasicTypeRegistry     : Adding type registration java.time.LocalDateTime -> org.hibernate.type.LocalDateTimeType@6d7ad0f5
2024-05-24 01:23:31.303 DEBUG 49208 --- [main] org.hibernate.type.BasicTypeRegistry     : Adding type registration LocalDate -> org.hibernate.type.LocalDateType@251c90f
2024-05-24 01:23:31.303 DEBUG 49208 --- [main] org.hibernate.type.BasicTypeRegistry     : Adding type registration java.time.LocalDate -> org.hibernate.type.LocalDateType@251c90f
2024-05-24 01:23:31.304 DEBUG 49208 --- [main] org.hibernate.type.BasicTypeRegistry     : Adding type registration LocalTime -> org.hibernate.type.LocalTimeType@2c9306d3
2024-05-24 01:23:31.304 DEBUG 49208 --- [main] org.hibernate.type.BasicTypeRegistry     : Adding type registration java.time.LocalTime -> org.hibernate.type.LocalTimeType@2c9306d3
2024-05-24 01:23:31.306 DEBUG 49208 --- [main] org.hibernate.type.BasicTypeRegistry     : Adding type registration OffsetDateTime -> org.hibernate.type.OffsetDateTimeType@2801827a
2024-05-24 01:23:31.306 DEBUG 49208 --- [main] org.hibernate.type.BasicTypeRegistry     : Adding type registration java.time.OffsetDateTime -> org.hibernate.type.OffsetDateTimeType@2801827a
2024-05-24 01:23:31.307 DEBUG 49208 --- [main] org.hibernate.type.BasicTypeRegistry     : Adding type registration OffsetTime -> org.hibernate.type.OffsetTimeType@17c4dc5b
2024-05-24 01:23:31.307 DEBUG 49208 --- [main] org.hibernate.type.BasicTypeRegistry     : Adding type registration java.time.OffsetTime -> org.hibernate.type.OffsetTimeType@17c4dc5b
2024-05-24 01:23:31.309 DEBUG 49208 --- [main] org.hibernate.type.BasicTypeRegistry     : Adding type registration ZonedDateTime -> org.hibernate.type.ZonedDateTimeType@350323a0
2024-05-24 01:23:31.310 DEBUG 49208 --- [main] org.hibernate.type.BasicTypeRegistry     : Adding type registration java.time.ZonedDateTime -> org.hibernate.type.ZonedDateTimeType@350323a0
2024-05-24 01:23:31.311 DEBUG 49208 --- [main] org.hibernate.type.BasicTypeRegistry     : Adding type registration date -> org.hibernate.type.DateType@342ee097
2024-05-24 01:23:31.311 DEBUG 49208 --- [main] org.hibernate.type.BasicTypeRegistry     : Adding type registration java.sql.Date -> org.hibernate.type.DateType@342ee097
2024-05-24 01:23:31.311 DEBUG 49208 --- [main] org.hibernate.type.BasicTypeRegistry     : Adding type registration time -> org.hibernate.type.TimeType@38159384
2024-05-24 01:23:31.311 DEBUG 49208 --- [main] org.hibernate.type.BasicTypeRegistry     : Adding type registration java.sql.Time -> org.hibernate.type.TimeType@38159384
2024-05-24 01:23:31.313 DEBUG 49208 --- [main] org.hibernate.type.BasicTypeRegistry     : Adding type registration timestamp -> org.hibernate.type.TimestampType@4eeab3e
2024-05-24 01:23:31.313 DEBUG 49208 --- [main] org.hibernate.type.BasicTypeRegistry     : Adding type registration java.sql.Timestamp -> org.hibernate.type.TimestampType@4eeab3e
2024-05-24 01:23:31.313 DEBUG 49208 --- [main] org.hibernate.type.BasicTypeRegistry     : Adding type registration java.util.Date -> org.hibernate.type.TimestampType@4eeab3e
2024-05-24 01:23:31.316 DEBUG 49208 --- [main] org.hibernate.type.BasicTypeRegistry     : Adding type registration dbtimestamp -> org.hibernate.type.DbTimestampType@2bec068b
2024-05-24 01:23:31.316 DEBUG 49208 --- [main] org.hibernate.type.BasicTypeRegistry     : Adding type registration calendar -> org.hibernate.type.CalendarType@132e3594
2024-05-24 01:23:31.316 DEBUG 49208 --- [main] org.hibernate.type.BasicTypeRegistry     : Adding type registration java.util.Calendar -> org.hibernate.type.CalendarType@132e3594
2024-05-24 01:23:31.317 DEBUG 49208 --- [main] org.hibernate.type.BasicTypeRegistry     : Adding type registration java.util.GregorianCalendar -> org.hibernate.type.CalendarType@132e3594
2024-05-24 01:23:31.317 DEBUG 49208 --- [main] org.hibernate.type.BasicTypeRegistry     : Adding type registration calendar_date -> org.hibernate.type.CalendarDateType@2b43f314
2024-05-24 01:23:31.319 DEBUG 49208 --- [main] org.hibernate.type.BasicTypeRegistry     : Adding type registration calendar_time -> org.hibernate.type.CalendarTimeType@6f50d55c
2024-05-24 01:23:31.320 DEBUG 49208 --- [main] org.hibernate.type.BasicTypeRegistry     : Adding type registration locale -> org.hibernate.type.LocaleType@6889f56f
2024-05-24 01:23:31.320 DEBUG 49208 --- [main] org.hibernate.type.BasicTypeRegistry     : Adding type registration java.util.Locale -> org.hibernate.type.LocaleType@6889f56f
2024-05-24 01:23:31.321 DEBUG 49208 --- [main] org.hibernate.type.BasicTypeRegistry     : Adding type registration currency -> org.hibernate.type.CurrencyType@3b4ef59f
2024-05-24 01:23:31.321 DEBUG 49208 --- [main] org.hibernate.type.BasicTypeRegistry     : Adding type registration java.util.Currency -> org.hibernate.type.CurrencyType@3b4ef59f
2024-05-24 01:23:31.322 DEBUG 49208 --- [main] org.hibernate.type.BasicTypeRegistry     : Adding type registration timezone -> org.hibernate.type.TimeZoneType@5a7b309b
2024-05-24 01:23:31.322 DEBUG 49208 --- [main] org.hibernate.type.BasicTypeRegistry     : Adding type registration java.util.TimeZone -> org.hibernate.type.TimeZoneType@5a7b309b
2024-05-24 01:23:31.323 DEBUG 49208 --- [main] org.hibernate.type.BasicTypeRegistry     : Adding type registration class -> org.hibernate.type.ClassType@b022551
2024-05-24 01:23:31.323 DEBUG 49208 --- [main] org.hibernate.type.BasicTypeRegistry     : Adding type registration java.lang.Class -> org.hibernate.type.ClassType@b022551
2024-05-24 01:23:31.324 DEBUG 49208 --- [main] org.hibernate.type.BasicTypeRegistry     : Adding type registration uuid-binary -> org.hibernate.type.UUIDBinaryType@530ee28b
2024-05-24 01:23:31.324 DEBUG 49208 --- [main] org.hibernate.type.BasicTypeRegistry     : Adding type registration java.util.UUID -> org.hibernate.type.UUIDBinaryType@530ee28b
2024-05-24 01:23:31.324 DEBUG 49208 --- [main] org.hibernate.type.BasicTypeRegistry     : Adding type registration uuid-char -> org.hibernate.type.UUIDCharType@67f946c3
2024-05-24 01:23:31.325 DEBUG 49208 --- [main] org.hibernate.type.BasicTypeRegistry     : Adding type registration binary -> org.hibernate.type.BinaryType@4fea840f
2024-05-24 01:23:31.325 DEBUG 49208 --- [main] org.hibernate.type.BasicTypeRegistry     : Adding type registration byte[] -> org.hibernate.type.BinaryType@4fea840f
2024-05-24 01:23:31.325 DEBUG 49208 --- [main] org.hibernate.type.BasicTypeRegistry     : Adding type registration [B -> org.hibernate.type.BinaryType@4fea840f
2024-05-24 01:23:31.326 DEBUG 49208 --- [main] org.hibernate.type.BasicTypeRegistry     : Adding type registration wrapper-binary -> org.hibernate.type.WrapperBinaryType@3457cc8d
2024-05-24 01:23:31.326 DEBUG 49208 --- [main] org.hibernate.type.BasicTypeRegistry     : Adding type registration Byte[] -> org.hibernate.type.WrapperBinaryType@3457cc8d
2024-05-24 01:23:31.326 DEBUG 49208 --- [main] org.hibernate.type.BasicTypeRegistry     : Adding type registration [Ljava.lang.Byte; -> org.hibernate.type.WrapperBinaryType@3457cc8d
2024-05-24 01:23:31.327 DEBUG 49208 --- [main] org.hibernate.type.BasicTypeRegistry     : Adding type registration row_version -> org.hibernate.type.RowVersionType@682e422c
2024-05-24 01:23:31.327 DEBUG 49208 --- [main] org.hibernate.type.BasicTypeRegistry     : Adding type registration image -> org.hibernate.type.ImageType@686cf8ad
2024-05-24 01:23:31.328 DEBUG 49208 --- [main] org.hibernate.type.BasicTypeRegistry     : Adding type registration characters -> org.hibernate.type.CharArrayType@3bbf1c0d
2024-05-24 01:23:31.328 DEBUG 49208 --- [main] org.hibernate.type.BasicTypeRegistry     : Adding type registration char[] -> org.hibernate.type.CharArrayType@3bbf1c0d
2024-05-24 01:23:31.328 DEBUG 49208 --- [main] org.hibernate.type.BasicTypeRegistry     : Adding type registration [C -> org.hibernate.type.CharArrayType@3bbf1c0d
2024-05-24 01:23:31.329 DEBUG 49208 --- [main] org.hibernate.type.BasicTypeRegistry     : Adding type registration wrapper-characters -> org.hibernate.type.CharacterArrayType@656842bc
2024-05-24 01:23:31.329 DEBUG 49208 --- [main] org.hibernate.type.BasicTypeRegistry     : Adding type registration [Ljava.lang.Character; -> org.hibernate.type.CharacterArrayType@656842bc
2024-05-24 01:23:31.329 DEBUG 49208 --- [main] org.hibernate.type.BasicTypeRegistry     : Adding type registration Character[] -> org.hibernate.type.CharacterArrayType@656842bc
2024-05-24 01:23:31.329 DEBUG 49208 --- [main] org.hibernate.type.BasicTypeRegistry     : Adding type registration text -> org.hibernate.type.TextType@5dbab232
2024-05-24 01:23:31.331 DEBUG 49208 --- [main] org.hibernate.type.BasicTypeRegistry     : Adding type registration ntext -> org.hibernate.type.NTextType@28768e25
2024-05-24 01:23:31.333 DEBUG 49208 --- [main] org.hibernate.type.BasicTypeRegistry     : Adding type registration blob -> org.hibernate.type.BlobType@5012c571
2024-05-24 01:23:31.333 DEBUG 49208 --- [main] org.hibernate.type.BasicTypeRegistry     : Adding type registration java.sql.Blob -> org.hibernate.type.BlobType@5012c571
2024-05-24 01:23:31.334 DEBUG 49208 --- [main] org.hibernate.type.BasicTypeRegistry     : Adding type registration materialized_blob -> org.hibernate.type.MaterializedBlobType@3a0b6a
2024-05-24 01:23:31.336 DEBUG 49208 --- [main] org.hibernate.type.BasicTypeRegistry     : Adding type registration clob -> org.hibernate.type.ClobType@238291d4
2024-05-24 01:23:31.336 DEBUG 49208 --- [main] org.hibernate.type.BasicTypeRegistry     : Adding type registration java.sql.Clob -> org.hibernate.type.ClobType@238291d4
2024-05-24 01:23:31.337 DEBUG 49208 --- [main] org.hibernate.type.BasicTypeRegistry     : Adding type registration nclob -> org.hibernate.type.NClobType@75793f17
2024-05-24 01:23:31.338 DEBUG 49208 --- [main] org.hibernate.type.BasicTypeRegistry     : Adding type registration java.sql.NClob -> org.hibernate.type.NClobType@75793f17
2024-05-24 01:23:31.338 DEBUG 49208 --- [main] org.hibernate.type.BasicTypeRegistry     : Adding type registration materialized_clob -> org.hibernate.type.MaterializedClobType@39d77de9
2024-05-24 01:23:31.338 DEBUG 49208 --- [main] org.hibernate.type.BasicTypeRegistry     : Adding type registration materialized_nclob -> org.hibernate.type.MaterializedNClobType@785ed99c
2024-05-24 01:23:31.340 DEBUG 49208 --- [main] org.hibernate.type.BasicTypeRegistry     : Adding type registration serializable -> org.hibernate.type.SerializableType@2c48cede
2024-05-24 01:23:31.344 DEBUG 49208 --- [main] org.hibernate.type.BasicTypeRegistry     : Adding type registration object -> org.hibernate.type.ObjectType@4fb64a52
2024-05-24 01:23:31.344 DEBUG 49208 --- [main] org.hibernate.type.BasicTypeRegistry     : Adding type registration java.lang.Object -> org.hibernate.type.ObjectType@4fb64a52
2024-05-24 01:23:31.345 DEBUG 49208 --- [main] org.hibernate.type.BasicTypeRegistry     : Adding type registration imm_date -> org.hibernate.type.AdaptedImmutableType@77083e41
2024-05-24 01:23:31.345 DEBUG 49208 --- [main] org.hibernate.type.BasicTypeRegistry     : Adding type registration imm_time -> org.hibernate.type.AdaptedImmutableType@231df705
2024-05-24 01:23:31.345 DEBUG 49208 --- [main] org.hibernate.type.BasicTypeRegistry     : Adding type registration imm_timestamp -> org.hibernate.type.AdaptedImmutableType@2d130ac4
2024-05-24 01:23:31.345 DEBUG 49208 --- [main] org.hibernate.type.BasicTypeRegistry     : Adding type registration imm_dbtimestamp -> org.hibernate.type.AdaptedImmutableType@2f0ccb34
2024-05-24 01:23:31.345 DEBUG 49208 --- [main] org.hibernate.type.BasicTypeRegistry     : Adding type registration imm_calendar -> org.hibernate.type.AdaptedImmutableType@194012a2
2024-05-24 01:23:31.345 DEBUG 49208 --- [main] org.hibernate.type.BasicTypeRegistry     : Adding type registration imm_calendar_date -> org.hibernate.type.AdaptedImmutableType@55296b50
2024-05-24 01:23:31.345 DEBUG 49208 --- [main] org.hibernate.type.BasicTypeRegistry     : Adding type registration imm_binary -> org.hibernate.type.AdaptedImmutableType@60591e1b
2024-05-24 01:23:31.345 DEBUG 49208 --- [main] org.hibernate.type.BasicTypeRegistry     : Adding type registration imm_serializable -> org.hibernate.type.AdaptedImmutableType@29c53c4f
2024-05-24 01:23:31.393 DEBUG 49208 --- [main] .i.f.i.DefaultIdentifierGeneratorFactory : Registering IdentifierGenerator strategy [uuid2] -> [org.hibernate.id.UUIDGenerator]
2024-05-24 01:23:31.394 DEBUG 49208 --- [main] .i.f.i.DefaultIdentifierGeneratorFactory : Registering IdentifierGenerator strategy [guid] -> [org.hibernate.id.GUIDGenerator]
2024-05-24 01:23:31.395 DEBUG 49208 --- [main] .i.f.i.DefaultIdentifierGeneratorFactory : Registering IdentifierGenerator strategy [uuid] -> [org.hibernate.id.UUIDHexGenerator]
2024-05-24 01:23:31.395 DEBUG 49208 --- [main] .i.f.i.DefaultIdentifierGeneratorFactory : Registering IdentifierGenerator strategy [uuid.hex] -> [org.hibernate.id.UUIDHexGenerator]
2024-05-24 01:23:31.395 DEBUG 49208 --- [main] .i.f.i.DefaultIdentifierGeneratorFactory : Registering IdentifierGenerator strategy [assigned] -> [org.hibernate.id.Assigned]
2024-05-24 01:23:31.397 DEBUG 49208 --- [main] .i.f.i.DefaultIdentifierGeneratorFactory : Registering IdentifierGenerator strategy [identity] -> [org.hibernate.id.IdentityGenerator]
2024-05-24 01:23:31.397 DEBUG 49208 --- [main] .i.f.i.DefaultIdentifierGeneratorFactory : Registering IdentifierGenerator strategy [select] -> [org.hibernate.id.SelectGenerator]
2024-05-24 01:23:31.398 DEBUG 49208 --- [main] .i.f.i.DefaultIdentifierGeneratorFactory : Registering IdentifierGenerator strategy [sequence] -> [org.hibernate.id.enhanced.SequenceStyleGenerator]
2024-05-24 01:23:31.399 DEBUG 49208 --- [main] .i.f.i.DefaultIdentifierGeneratorFactory : Registering IdentifierGenerator strategy [seqhilo] -> [org.hibernate.id.SequenceHiLoGenerator]
2024-05-24 01:23:31.400 DEBUG 49208 --- [main] .i.f.i.DefaultIdentifierGeneratorFactory : Registering IdentifierGenerator strategy [increment] -> [org.hibernate.id.IncrementGenerator]
2024-05-24 01:23:31.401 DEBUG 49208 --- [main] .i.f.i.DefaultIdentifierGeneratorFactory : Registering IdentifierGenerator strategy [foreign] -> [org.hibernate.id.ForeignGenerator]
2024-05-24 01:23:31.401 DEBUG 49208 --- [main] .i.f.i.DefaultIdentifierGeneratorFactory : Registering IdentifierGenerator strategy [sequence-identity] -> [org.hibernate.id.SequenceIdentityGenerator]
2024-05-24 01:23:31.401 DEBUG 49208 --- [main] .i.f.i.DefaultIdentifierGeneratorFactory : Registering IdentifierGenerator strategy [enhanced-sequence] -> [org.hibernate.id.enhanced.SequenceStyleGenerator]
2024-05-24 01:23:31.402 DEBUG 49208 --- [main] .i.f.i.DefaultIdentifierGeneratorFactory : Registering IdentifierGenerator strategy [enhanced-table] -> [org.hibernate.id.enhanced.TableGenerator]
2024-05-24 01:23:31.853 DEBUG 49208 --- [main] o.h.e.j.e.i.JdbcEnvironmentInitiator     : Database ->
       name : MySQL
    version : 8.0.37
      major : 8
      minor : 0
2024-05-24 01:23:31.853 DEBUG 49208 --- [main] o.h.e.j.e.i.JdbcEnvironmentInitiator     : Driver ->
       name : MySQL Connector/J
    version : mysql-connector-j-8.0.33 (Revision: 7d6b0800528b6b25c68b52dc10d6c1c8429c100c)
      major : 8
      minor : 0
2024-05-24 01:23:31.853 DEBUG 49208 --- [main] o.h.e.j.e.i.JdbcEnvironmentInitiator     : JDBC version : 4.2
2024-05-24 01:23:31.876  INFO 49208 --- [main] org.hibernate.dialect.Dialect            : HHH000400: Using dialect: org.hibernate.dialect.MySQLDialect
2024-05-24 01:23:31.893 DEBUG 49208 --- [main] o.h.e.j.env.spi.IdentifierHelperBuilder  : JDBC driver metadata reported database stores quoted identifiers in more than one case
2024-05-24 01:23:31.949 DEBUG 49208 --- [main] o.h.e.j.env.spi.IdentifierHelperBuilder  : IdentifierCaseStrategy for both quoted and unquoted identifiers was set to the same strategy [LOWER]; that will likely lead to problems in schema update and validation if using quoted identifiers
2024-05-24 01:23:31.981 DEBUG 49208 --- [main] o.h.boot.model.relational.Namespace      : Created database namespace [logicalName=Name{catalog=null, schema=null}, physicalName=Name{catalog=null, schema=null}]
2024-05-24 01:23:31.984 DEBUG 49208 --- [main] o.h.type.spi.TypeConfiguration$Scope     : Scoping TypeConfiguration [org.hibernate.type.spi.TypeConfiguration@40bf0e15] to MetadataBuildingContext [org.hibernate.boot.internal.MetadataBuildingContextRootImpl@2c77344f]
2024-05-24 01:23:32.063 DEBUG 49208 --- [main] org.hibernate.cfg.AnnotationBinder       : Binding entity from annotated class: com.myapplication.model.Authority
2024-05-24 01:23:32.094 DEBUG 49208 --- [main] org.hibernate.cfg.Ejb3Column             : Binding column: Ejb3DiscriminatorColumn{logicalColumnName'DTYPE', discriminatorTypeName='string'}
2024-05-24 01:23:32.099 DEBUG 49208 --- [main] o.h.cfg.annotations.EntityBinder         : Import with entity name Authority
2024-05-24 01:23:32.102 DEBUG 49208 --- [main] o.h.cfg.annotations.EntityBinder         : Bind entity com.myapplication.model.Authority on table AUTHORITY
2024-05-24 01:23:32.123 DEBUG 49208 --- [main] org.hibernate.cfg.Ejb3Column             : Binding column: Ejb3Column{table=org.hibernate.mapping.Table(AUTHORITY), mappingColumn=ID, insertable=true, updatable=true, unique=false}
2024-05-24 01:23:32.128 DEBUG 49208 --- [main] o.h.cfg.annotations.PropertyBinder       : MetadataSourceProcessor property id with lazy=false
2024-05-24 01:23:32.130 DEBUG 49208 --- [main] o.hibernate.cfg.AbstractPropertyHolder   : Attempting to locate auto-apply AttributeConverter for property [com.myapplication.model.Authority:id]
2024-05-24 01:23:32.132 DEBUG 49208 --- [main] o.h.cfg.annotations.SimpleValueBinder    : building SimpleValue for id
2024-05-24 01:23:32.135 DEBUG 49208 --- [main] o.h.cfg.annotations.PropertyBinder       : Building property id
2024-05-24 01:23:32.138 DEBUG 49208 --- [main] org.hibernate.cfg.BinderHelper           : #makeIdGenerator(org.hibernate.mapping.SimpleValue([org.hibernate.mapping.Column(ID)]), id, identity, , ...)
2024-05-24 01:23:32.138 DEBUG 49208 --- [main] org.hibernate.cfg.Ejb3Column             : Binding column: Ejb3Column{table=org.hibernate.mapping.Table(AUTHORITY), mappingColumn=NAME, insertable=true, updatable=true, unique=false}
2024-05-24 01:23:32.139 DEBUG 49208 --- [main] o.h.cfg.annotations.PropertyBinder       : MetadataSourceProcessor property name with lazy=false
2024-05-24 01:23:32.139 DEBUG 49208 --- [main] o.hibernate.cfg.AbstractPropertyHolder   : Attempting to locate auto-apply AttributeConverter for property [com.myapplication.model.Authority:name]
2024-05-24 01:23:32.139 DEBUG 49208 --- [main] o.h.cfg.annotations.SimpleValueBinder    : building SimpleValue for name
2024-05-24 01:23:32.139 DEBUG 49208 --- [main] o.h.cfg.annotations.PropertyBinder       : Building property name
2024-05-24 01:23:32.140 DEBUG 49208 --- [main] org.hibernate.cfg.AnnotationBinder       : Binding entity from annotated class: com.myapplication.model.Customer
2024-05-24 01:23:32.140 DEBUG 49208 --- [main] org.hibernate.cfg.Ejb3Column             : Binding column: Ejb3DiscriminatorColumn{logicalColumnName'DTYPE', discriminatorTypeName='string'}
2024-05-24 01:23:32.140 DEBUG 49208 --- [main] o.h.cfg.annotations.EntityBinder         : Import with entity name Customer
2024-05-24 01:23:32.140 DEBUG 49208 --- [main] o.h.cfg.annotations.EntityBinder         : Bind entity com.myapplication.model.Customer on table customer
2024-05-24 01:23:32.144 DEBUG 49208 --- [main] org.hibernate.cfg.Ejb3Column             : Binding column: Ejb3Column{table=org.hibernate.mapping.Table(customer), mappingColumn=id, insertable=true, updatable=true, unique=false}
2024-05-24 01:23:32.145 DEBUG 49208 --- [main] o.h.cfg.annotations.PropertyBinder       : MetadataSourceProcessor property id with lazy=false
2024-05-24 01:23:32.145 DEBUG 49208 --- [main] o.hibernate.cfg.AbstractPropertyHolder   : Attempting to locate auto-apply AttributeConverter for property [com.myapplication.model.Customer:id]
2024-05-24 01:23:32.145 DEBUG 49208 --- [main] o.h.cfg.annotations.SimpleValueBinder    : building SimpleValue for id
2024-05-24 01:23:32.146 DEBUG 49208 --- [main] o.h.cfg.annotations.PropertyBinder       : Building property id
2024-05-24 01:23:32.146 DEBUG 49208 --- [main] org.hibernate.cfg.BinderHelper           : #makeIdGenerator(org.hibernate.mapping.SimpleValue([org.hibernate.mapping.Column(id)]), id, identity, , ...)
2024-05-24 01:23:32.146 DEBUG 49208 --- [main] org.hibernate.cfg.Ejb3Column             : Binding column: Ejb3Column{table=org.hibernate.mapping.Table(customer), mappingColumn=cellphone, insertable=true, updatable=true, unique=false}
2024-05-24 01:23:32.146 DEBUG 49208 --- [main] o.h.cfg.annotations.PropertyBinder       : MetadataSourceProcessor property cellphone with lazy=false
2024-05-24 01:23:32.146 DEBUG 49208 --- [main] o.hibernate.cfg.AbstractPropertyHolder   : Attempting to locate auto-apply AttributeConverter for property [com.myapplication.model.Customer:cellphone]
2024-05-24 01:23:32.146 DEBUG 49208 --- [main] o.h.cfg.annotations.SimpleValueBinder    : building SimpleValue for cellphone
2024-05-24 01:23:32.146 DEBUG 49208 --- [main] o.h.cfg.annotations.PropertyBinder       : Building property cellphone
2024-05-24 01:23:32.146 DEBUG 49208 --- [main] org.hibernate.cfg.Ejb3Column             : Binding column: Ejb3Column{table=org.hibernate.mapping.Table(customer), mappingColumn=city, insertable=true, updatable=true, unique=false}
2024-05-24 01:23:32.146 DEBUG 49208 --- [main] o.h.cfg.annotations.PropertyBinder       : MetadataSourceProcessor property city with lazy=false
2024-05-24 01:23:32.146 DEBUG 49208 --- [main] o.hibernate.cfg.AbstractPropertyHolder   : Attempting to locate auto-apply AttributeConverter for property [com.myapplication.model.Customer:city]
2024-05-24 01:23:32.146 DEBUG 49208 --- [main] o.h.cfg.annotations.SimpleValueBinder    : building SimpleValue for city
2024-05-24 01:23:32.146 DEBUG 49208 --- [main] o.h.cfg.annotations.PropertyBinder       : Building property city
2024-05-24 01:23:32.147 DEBUG 49208 --- [main] org.hibernate.cfg.Ejb3Column             : Binding column: Ejb3Column{table=org.hibernate.mapping.Table(customer), mappingColumn=email, insertable=true, updatable=true, unique=false}
2024-05-24 01:23:32.147 DEBUG 49208 --- [main] o.h.cfg.annotations.PropertyBinder       : MetadataSourceProcessor property email with lazy=false
2024-05-24 01:23:32.147 DEBUG 49208 --- [main] o.hibernate.cfg.AbstractPropertyHolder   : Attempting to locate auto-apply AttributeConverter for property [com.myapplication.model.Customer:email]
2024-05-24 01:23:32.147 DEBUG 49208 --- [main] o.h.cfg.annotations.SimpleValueBinder    : building SimpleValue for email
2024-05-24 01:23:32.147 DEBUG 49208 --- [main] o.h.cfg.annotations.PropertyBinder       : Building property email
2024-05-24 01:23:32.147 DEBUG 49208 --- [main] org.hibernate.cfg.Ejb3Column             : Binding column: Ejb3Column{table=org.hibernate.mapping.Table(customer), mappingColumn=name, insertable=true, updatable=true, unique=false}
2024-05-24 01:23:32.147 DEBUG 49208 --- [main] o.h.cfg.annotations.PropertyBinder       : MetadataSourceProcessor property name with lazy=false
2024-05-24 01:23:32.147 DEBUG 49208 --- [main] o.hibernate.cfg.AbstractPropertyHolder   : Attempting to locate auto-apply AttributeConverter for property [com.myapplication.model.Customer:name]
2024-05-24 01:23:32.147 DEBUG 49208 --- [main] o.h.cfg.annotations.SimpleValueBinder    : building SimpleValue for name
2024-05-24 01:23:32.147 DEBUG 49208 --- [main] o.h.cfg.annotations.PropertyBinder       : Building property name
2024-05-24 01:23:32.147 DEBUG 49208 --- [main] org.hibernate.cfg.Ejb3Column             : Binding column: Ejb3Column{table=org.hibernate.mapping.Table(customer), mappingColumn=photo, insertable=true, updatable=true, unique=false}
2024-05-24 01:23:32.148 DEBUG 49208 --- [main] o.h.cfg.annotations.PropertyBinder       : MetadataSourceProcessor property photo with lazy=false
2024-05-24 01:23:32.148 DEBUG 49208 --- [main] o.hibernate.cfg.AbstractPropertyHolder   : Attempting to locate auto-apply AttributeConverter for property [com.myapplication.model.Customer:photo]
2024-05-24 01:23:32.148 DEBUG 49208 --- [main] o.h.cfg.annotations.SimpleValueBinder    : building SimpleValue for photo
2024-05-24 01:23:32.148 DEBUG 49208 --- [main] o.h.cfg.annotations.PropertyBinder       : Building property photo
2024-05-24 01:23:32.149 DEBUG 49208 --- [main] org.hibernate.cfg.Ejb3Column             : Binding column: Ejb3JoinColumn{logicalColumnName='null', referencedColumn='null', mappedBy='null'}
2024-05-24 01:23:32.149 DEBUG 49208 --- [main] org.hibernate.cfg.Ejb3Column             : Binding column: Ejb3Column{table=org.hibernate.mapping.Table(customer), mappingColumn=publication, insertable=true, updatable=true, unique=false}
2024-05-24 01:23:32.152 DEBUG 49208 --- [main] o.h.cfg.annotations.PropertyBinder       : Building property publication
2024-05-24 01:23:32.154 DEBUG 49208 --- [main] org.hibernate.cfg.Ejb3Column             : Binding column: Ejb3Column{table=org.hibernate.mapping.Table(customer), mappingColumn=state, insertable=true, updatable=true, unique=false}
2024-05-24 01:23:32.154 DEBUG 49208 --- [main] o.h.cfg.annotations.PropertyBinder       : MetadataSourceProcessor property state with lazy=false
2024-05-24 01:23:32.154 DEBUG 49208 --- [main] o.hibernate.cfg.AbstractPropertyHolder   : Attempting to locate auto-apply AttributeConverter for property [com.myapplication.model.Customer:state]
2024-05-24 01:23:32.154 DEBUG 49208 --- [main] o.h.cfg.annotations.SimpleValueBinder    : building SimpleValue for state
2024-05-24 01:23:32.154 DEBUG 49208 --- [main] o.h.cfg.annotations.PropertyBinder       : Building property state
2024-05-24 01:23:32.154 DEBUG 49208 --- [main] org.hibernate.cfg.AnnotationBinder       : Binding entity from annotated class: com.myapplication.model.HousingLocation
2024-05-24 01:23:32.154 DEBUG 49208 --- [main] org.hibernate.cfg.Ejb3Column             : Binding column: Ejb3DiscriminatorColumn{logicalColumnName'DTYPE', discriminatorTypeName='string'}
2024-05-24 01:23:32.154 DEBUG 49208 --- [main] o.h.cfg.annotations.EntityBinder         : Import with entity name HousingLocation
2024-05-24 01:23:32.154 DEBUG 49208 --- [main] o.h.cfg.annotations.EntityBinder         : Bind entity com.myapplication.model.HousingLocation on table Housing_Location
2024-05-24 01:23:32.155 DEBUG 49208 --- [main] org.hibernate.cfg.Ejb3Column             : Binding column: Ejb3Column{table=org.hibernate.mapping.Table(Housing_Location), mappingColumn=id, insertable=true, updatable=true, unique=false}
2024-05-24 01:23:32.155 DEBUG 49208 --- [main] o.h.cfg.annotations.PropertyBinder       : MetadataSourceProcessor property id with lazy=false
2024-05-24 01:23:32.155 DEBUG 49208 --- [main] o.hibernate.cfg.AbstractPropertyHolder   : Attempting to locate auto-apply AttributeConverter for property [com.myapplication.model.HousingLocation:id]
2024-05-24 01:23:32.155 DEBUG 49208 --- [main] o.h.cfg.annotations.SimpleValueBinder    : building SimpleValue for id
2024-05-24 01:23:32.156 DEBUG 49208 --- [main] o.h.cfg.annotations.PropertyBinder       : Building property id
2024-05-24 01:23:32.156 DEBUG 49208 --- [main] org.hibernate.cfg.BinderHelper           : #makeIdGenerator(org.hibernate.mapping.SimpleValue([org.hibernate.mapping.Column(id)]), id, identity, , ...)
2024-05-24 01:23:32.156 DEBUG 49208 --- [main] org.hibernate.cfg.Ejb3Column             : Binding column: Ejb3Column{table=org.hibernate.mapping.Table(Housing_Location), mappingColumn=availableUnits, insertable=true, updatable=true, unique=false}
2024-05-24 01:23:32.156 DEBUG 49208 --- [main] o.h.cfg.annotations.PropertyBinder       : MetadataSourceProcessor property availableUnits with lazy=false
2024-05-24 01:23:32.156 DEBUG 49208 --- [main] o.hibernate.cfg.AbstractPropertyHolder   : Attempting to locate auto-apply AttributeConverter for property [com.myapplication.model.HousingLocation:availableUnits]
2024-05-24 01:23:32.156 DEBUG 49208 --- [main] o.h.cfg.annotations.SimpleValueBinder    : building SimpleValue for availableUnits
2024-05-24 01:23:32.156 DEBUG 49208 --- [main] o.h.cfg.annotations.PropertyBinder       : Building property availableUnits
2024-05-24 01:23:32.156 DEBUG 49208 --- [main] org.hibernate.cfg.Ejb3Column             : Binding column: Ejb3Column{table=org.hibernate.mapping.Table(Housing_Location), mappingColumn=city, insertable=true, updatable=true, unique=false}
2024-05-24 01:23:32.156 DEBUG 49208 --- [main] o.h.cfg.annotations.PropertyBinder       : MetadataSourceProcessor property city with lazy=false
2024-05-24 01:23:32.156 DEBUG 49208 --- [main] o.hibernate.cfg.AbstractPropertyHolder   : Attempting to locate auto-apply AttributeConverter for property [com.myapplication.model.HousingLocation:city]
2024-05-24 01:23:32.156 DEBUG 49208 --- [main] o.h.cfg.annotations.SimpleValueBinder    : building SimpleValue for city
2024-05-24 01:23:32.156 DEBUG 49208 --- [main] o.h.cfg.annotations.PropertyBinder       : Building property city
2024-05-24 01:23:32.156 DEBUG 49208 --- [main] org.hibernate.cfg.Ejb3Column             : Binding column: Ejb3Column{table=org.hibernate.mapping.Table(Housing_Location), mappingColumn=laundry, insertable=true, updatable=true, unique=false}
2024-05-24 01:23:32.156 DEBUG 49208 --- [main] o.h.cfg.annotations.PropertyBinder       : MetadataSourceProcessor property laundry with lazy=false
2024-05-24 01:23:32.157 DEBUG 49208 --- [main] o.hibernate.cfg.AbstractPropertyHolder   : Attempting to locate auto-apply AttributeConverter for property [com.myapplication.model.HousingLocation:laundry]
2024-05-24 01:23:32.157 DEBUG 49208 --- [main] o.h.cfg.annotations.SimpleValueBinder    : building SimpleValue for laundry
2024-05-24 01:23:32.157 DEBUG 49208 --- [main] o.h.cfg.annotations.PropertyBinder       : Building property laundry
2024-05-24 01:23:32.157 DEBUG 49208 --- [main] org.hibernate.cfg.Ejb3Column             : Binding column: Ejb3Column{table=org.hibernate.mapping.Table(Housing_Location), mappingColumn=name, insertable=true, updatable=true, unique=false}
2024-05-24 01:23:32.157 DEBUG 49208 --- [main] o.h.cfg.annotations.PropertyBinder       : MetadataSourceProcessor property name with lazy=false
2024-05-24 01:23:32.157 DEBUG 49208 --- [main] o.hibernate.cfg.AbstractPropertyHolder   : Attempting to locate auto-apply AttributeConverter for property [com.myapplication.model.HousingLocation:name]
2024-05-24 01:23:32.157 DEBUG 49208 --- [main] o.h.cfg.annotations.SimpleValueBinder    : building SimpleValue for name
2024-05-24 01:23:32.157 DEBUG 49208 --- [main] o.h.cfg.annotations.PropertyBinder       : Building property name
2024-05-24 01:23:32.157 DEBUG 49208 --- [main] org.hibernate.cfg.Ejb3Column             : Binding column: Ejb3Column{table=org.hibernate.mapping.Table(Housing_Location), mappingColumn=photo, insertable=true, updatable=true, unique=false}
2024-05-24 01:23:32.157 DEBUG 49208 --- [main] o.h.cfg.annotations.PropertyBinder       : MetadataSourceProcessor property photo with lazy=false
2024-05-24 01:23:32.157 DEBUG 49208 --- [main] o.hibernate.cfg.AbstractPropertyHolder   : Attempting to locate auto-apply AttributeConverter for property [com.myapplication.model.HousingLocation:photo]
2024-05-24 01:23:32.157 DEBUG 49208 --- [main] o.h.cfg.annotations.SimpleValueBinder    : building SimpleValue for photo
2024-05-24 01:23:32.157 DEBUG 49208 --- [main] o.h.cfg.annotations.PropertyBinder       : Building property photo
2024-05-24 01:23:32.157 DEBUG 49208 --- [main] org.hibernate.cfg.Ejb3Column             : Binding column: Ejb3Column{table=org.hibernate.mapping.Table(Housing_Location), mappingColumn=state, insertable=true, updatable=true, unique=false}
2024-05-24 01:23:32.159 DEBUG 49208 --- [main] o.h.cfg.annotations.PropertyBinder       : MetadataSourceProcessor property state with lazy=false
2024-05-24 01:23:32.159 DEBUG 49208 --- [main] o.hibernate.cfg.AbstractPropertyHolder   : Attempting to locate auto-apply AttributeConverter for property [com.myapplication.model.HousingLocation:state]
2024-05-24 01:23:32.159 DEBUG 49208 --- [main] o.h.cfg.annotations.SimpleValueBinder    : building SimpleValue for state
2024-05-24 01:23:32.159 DEBUG 49208 --- [main] o.h.cfg.annotations.PropertyBinder       : Building property state
2024-05-24 01:23:32.159 DEBUG 49208 --- [main] org.hibernate.cfg.Ejb3Column             : Binding column: Ejb3Column{table=org.hibernate.mapping.Table(Housing_Location), mappingColumn=wifi, insertable=true, updatable=true, unique=false}
2024-05-24 01:23:32.160 DEBUG 49208 --- [main] o.h.cfg.annotations.PropertyBinder       : MetadataSourceProcessor property wifi with lazy=false
2024-05-24 01:23:32.160 DEBUG 49208 --- [main] o.hibernate.cfg.AbstractPropertyHolder   : Attempting to locate auto-apply AttributeConverter for property [com.myapplication.model.HousingLocation:wifi]
2024-05-24 01:23:32.160 DEBUG 49208 --- [main] o.h.cfg.annotations.SimpleValueBinder    : building SimpleValue for wifi
2024-05-24 01:23:32.160 DEBUG 49208 --- [main] o.h.cfg.annotations.PropertyBinder       : Building property wifi
2024-05-24 01:23:32.160 DEBUG 49208 --- [main] org.hibernate.cfg.AnnotationBinder       : Binding entity from annotated class: com.myapplication.model.Publication
2024-05-24 01:23:32.160 DEBUG 49208 --- [main] org.hibernate.cfg.Ejb3Column             : Binding column: Ejb3DiscriminatorColumn{logicalColumnName'DTYPE', discriminatorTypeName='string'}
2024-05-24 01:23:32.160 DEBUG 49208 --- [main] o.h.cfg.annotations.EntityBinder         : Import with entity name Publication
2024-05-24 01:23:32.160 DEBUG 49208 --- [main] o.h.cfg.annotations.EntityBinder         : Bind entity com.myapplication.model.Publication on table publication
2024-05-24 01:23:32.161 DEBUG 49208 --- [main] org.hibernate.cfg.Ejb3Column             : Binding column: Ejb3Column{table=org.hibernate.mapping.Table(publication), mappingColumn=id, insertable=true, updatable=true, unique=false}
2024-05-24 01:23:32.162 DEBUG 49208 --- [main] o.h.cfg.annotations.PropertyBinder       : MetadataSourceProcessor property id with lazy=false
2024-05-24 01:23:32.162 DEBUG 49208 --- [main] o.hibernate.cfg.AbstractPropertyHolder   : Attempting to locate auto-apply AttributeConverter for property [com.myapplication.model.Publication:id]
2024-05-24 01:23:32.162 DEBUG 49208 --- [main] o.h.cfg.annotations.SimpleValueBinder    : building SimpleValue for id
2024-05-24 01:23:32.162 DEBUG 49208 --- [main] o.h.cfg.annotations.PropertyBinder       : Building property id
2024-05-24 01:23:32.162 DEBUG 49208 --- [main] org.hibernate.cfg.BinderHelper           : #makeIdGenerator(org.hibernate.mapping.SimpleValue([org.hibernate.mapping.Column(id)]), id, identity, , ...)
2024-05-24 01:23:32.162 DEBUG 49208 --- [main] org.hibernate.cfg.Ejb3Column             : Binding column: Ejb3Column{table=org.hibernate.mapping.Table(publication), mappingColumn=agency, insertable=true, updatable=true, unique=false}
2024-05-24 01:23:32.162 DEBUG 49208 --- [main] o.h.cfg.annotations.PropertyBinder       : MetadataSourceProcessor property agency with lazy=false
2024-05-24 01:23:32.162 DEBUG 49208 --- [main] o.hibernate.cfg.AbstractPropertyHolder   : Attempting to locate auto-apply AttributeConverter for property [com.myapplication.model.Publication:agency]
2024-05-24 01:23:32.162 DEBUG 49208 --- [main] o.h.cfg.annotations.SimpleValueBinder    : building SimpleValue for agency
2024-05-24 01:23:32.162 DEBUG 49208 --- [main] o.h.cfg.annotations.PropertyBinder       : Building property agency
2024-05-24 01:23:32.162 DEBUG 49208 --- [main] org.hibernate.cfg.Ejb3Column             : Binding column: Ejb3Column{table=org.hibernate.mapping.Table(publication), mappingColumn=availableUnits, insertable=true, updatable=true, unique=false}
2024-05-24 01:23:32.163 DEBUG 49208 --- [main] o.h.cfg.annotations.PropertyBinder       : MetadataSourceProcessor property availableUnits with lazy=false
2024-05-24 01:23:32.163 DEBUG 49208 --- [main] o.hibernate.cfg.AbstractPropertyHolder   : Attempting to locate auto-apply AttributeConverter for property [com.myapplication.model.Publication:availableUnits]
2024-05-24 01:23:32.163 DEBUG 49208 --- [main] o.h.cfg.annotations.SimpleValueBinder    : building SimpleValue for availableUnits
2024-05-24 01:23:32.163 DEBUG 49208 --- [main] o.h.cfg.annotations.PropertyBinder       : Building property availableUnits
2024-05-24 01:23:32.163 DEBUG 49208 --- [main] org.hibernate.cfg.Ejb3Column             : Binding column: Ejb3Column{table=org.hibernate.mapping.Table(publication), mappingColumn=carName, insertable=true, updatable=true, unique=false}
2024-05-24 01:23:32.163 DEBUG 49208 --- [main] o.h.cfg.annotations.PropertyBinder       : MetadataSourceProcessor property carName with lazy=false
2024-05-24 01:23:32.163 DEBUG 49208 --- [main] o.hibernate.cfg.AbstractPropertyHolder   : Attempting to locate auto-apply AttributeConverter for property [com.myapplication.model.Publication:carName]
2024-05-24 01:23:32.163 DEBUG 49208 --- [main] o.h.cfg.annotations.SimpleValueBinder    : building SimpleValue for carName
2024-05-24 01:23:32.163 DEBUG 49208 --- [main] o.h.cfg.annotations.PropertyBinder       : Building property carName
2024-05-24 01:23:32.163 DEBUG 49208 --- [main] org.hibernate.cfg.Ejb3Column             : Binding column: Ejb3Column{table=org.hibernate.mapping.Table(publication), mappingColumn=location, insertable=true, updatable=true, unique=false}
2024-05-24 01:23:32.163 DEBUG 49208 --- [main] o.h.cfg.annotations.PropertyBinder       : MetadataSourceProcessor property location with lazy=false
2024-05-24 01:23:32.163 DEBUG 49208 --- [main] o.hibernate.cfg.AbstractPropertyHolder   : Attempting to locate auto-apply AttributeConverter for property [com.myapplication.model.Publication:location]
2024-05-24 01:23:32.163 DEBUG 49208 --- [main] o.h.cfg.annotations.SimpleValueBinder    : building SimpleValue for location
2024-05-24 01:23:32.164 DEBUG 49208 --- [main] o.h.cfg.annotations.PropertyBinder       : Building property location
2024-05-24 01:23:32.164 DEBUG 49208 --- [main] org.hibernate.cfg.Ejb3Column             : Binding column: Ejb3Column{table=org.hibernate.mapping.Table(publication), mappingColumn=photo, insertable=true, updatable=true, unique=false}
2024-05-24 01:23:32.164 DEBUG 49208 --- [main] o.h.cfg.annotations.PropertyBinder       : MetadataSourceProcessor property photo with lazy=false
2024-05-24 01:23:32.164 DEBUG 49208 --- [main] o.hibernate.cfg.AbstractPropertyHolder   : Attempting to locate auto-apply AttributeConverter for property [com.myapplication.model.Publication:photo]
2024-05-24 01:23:32.164 DEBUG 49208 --- [main] o.h.cfg.annotations.SimpleValueBinder    : building SimpleValue for photo
2024-05-24 01:23:32.164 DEBUG 49208 --- [main] o.h.cfg.annotations.PropertyBinder       : Building property photo
2024-05-24 01:23:32.164 DEBUG 49208 --- [main] org.hibernate.cfg.Ejb3Column             : Binding column: Ejb3Column{table=org.hibernate.mapping.Table(publication), mappingColumn=price, insertable=true, updatable=true, unique=false}
2024-05-24 01:23:32.164 DEBUG 49208 --- [main] o.h.cfg.annotations.PropertyBinder       : MetadataSourceProcessor property price with lazy=false
2024-05-24 01:23:32.164 DEBUG 49208 --- [main] o.hibernate.cfg.AbstractPropertyHolder   : Attempting to locate auto-apply AttributeConverter for property [com.myapplication.model.Publication:price]
2024-05-24 01:23:32.164 DEBUG 49208 --- [main] o.h.cfg.annotations.SimpleValueBinder    : building SimpleValue for price
2024-05-24 01:23:32.164 DEBUG 49208 --- [main] o.h.cfg.annotations.PropertyBinder       : Building property price
2024-05-24 01:23:32.164 DEBUG 49208 --- [main] org.hibernate.cfg.AnnotationBinder       : Binding entity from annotated class: com.myapplication.model.User
2024-05-24 01:23:32.165 DEBUG 49208 --- [main] org.hibernate.cfg.Ejb3Column             : Binding column: Ejb3DiscriminatorColumn{logicalColumnName'DTYPE', discriminatorTypeName='string'}
2024-05-24 01:23:32.165 DEBUG 49208 --- [main] o.h.cfg.annotations.EntityBinder         : Import with entity name User
2024-05-24 01:23:32.165 DEBUG 49208 --- [main] o.h.cfg.annotations.EntityBinder         : Bind entity com.myapplication.model.User on table USER
2024-05-24 01:23:32.173 DEBUG 49208 --- [main] org.hibernate.cfg.Ejb3Column             : Binding column: Ejb3Column{table=org.hibernate.mapping.Table(USER), mappingColumn=ID, insertable=true, updatable=true, unique=false}
2024-05-24 01:23:32.173 DEBUG 49208 --- [main] o.h.cfg.annotations.PropertyBinder       : MetadataSourceProcessor property id with lazy=false
2024-05-24 01:23:32.173 DEBUG 49208 --- [main] o.hibernate.cfg.AbstractPropertyHolder   : Attempting to locate auto-apply AttributeConverter for property [com.myapplication.model.User:id]
2024-05-24 01:23:32.173 DEBUG 49208 --- [main] o.h.cfg.annotations.SimpleValueBinder    : building SimpleValue for id
2024-05-24 01:23:32.174 DEBUG 49208 --- [main] o.h.cfg.annotations.PropertyBinder       : Building property id
2024-05-24 01:23:32.174 DEBUG 49208 --- [main] org.hibernate.cfg.BinderHelper           : #makeIdGenerator(org.hibernate.mapping.SimpleValue([org.hibernate.mapping.Column(ID)]), id, identity, , ...)
2024-05-24 01:23:32.174 DEBUG 49208 --- [main] org.hibernate.cfg.Ejb3Column             : Binding column: Ejb3Column{table=org.hibernate.mapping.Table(USER), mappingColumn=ACCOUNT_EXPIRED, insertable=true, updatable=true, unique=false}
2024-05-24 01:23:32.174 DEBUG 49208 --- [main] o.h.cfg.annotations.PropertyBinder       : MetadataSourceProcessor property accountExpired with lazy=false
2024-05-24 01:23:32.174 DEBUG 49208 --- [main] o.hibernate.cfg.AbstractPropertyHolder   : Attempting to locate auto-apply AttributeConverter for property [com.myapplication.model.User:accountExpired]
2024-05-24 01:23:32.174 DEBUG 49208 --- [main] o.h.cfg.annotations.SimpleValueBinder    : building SimpleValue for accountExpired
2024-05-24 01:23:32.174 DEBUG 49208 --- [main] o.h.cfg.annotations.PropertyBinder       : Building property accountExpired
2024-05-24 01:23:32.174 DEBUG 49208 --- [main] org.hibernate.cfg.Ejb3Column             : Binding column: Ejb3Column{table=org.hibernate.mapping.Table(USER), mappingColumn=ACCOUNT_LOCKED, insertable=true, updatable=true, unique=false}
2024-05-24 01:23:32.174 DEBUG 49208 --- [main] o.h.cfg.annotations.PropertyBinder       : MetadataSourceProcessor property accountLocked with lazy=false
2024-05-24 01:23:32.174 DEBUG 49208 --- [main] o.hibernate.cfg.AbstractPropertyHolder   : Attempting to locate auto-apply AttributeConverter for property [com.myapplication.model.User:accountLocked]
2024-05-24 01:23:32.174 DEBUG 49208 --- [main] o.h.cfg.annotations.SimpleValueBinder    : building SimpleValue for accountLocked
2024-05-24 01:23:32.174 DEBUG 49208 --- [main] o.h.cfg.annotations.PropertyBinder       : Building property accountLocked
2024-05-24 01:23:32.176 DEBUG 49208 --- [main] org.hibernate.cfg.Ejb3Column             : Binding column: Ejb3Column{table=org.hibernate.mapping.Table(USER), mappingColumn=null, insertable=true, updatable=true, unique=false}
2024-05-24 01:23:32.185 DEBUG 49208 --- [main] org.hibernate.cfg.Ejb3Column             : Binding column: Ejb3Column{table=org.hibernate.mapping.Table(USER), mappingColumn=element, insertable=true, updatable=true, unique=false}
2024-05-24 01:23:32.185 DEBUG 49208 --- [main] org.hibernate.cfg.Ejb3Column             : Binding column: Ejb3Column{table=org.hibernate.mapping.Table(USER), mappingColumn=authorities_KEY, insertable=true, updatable=true, unique=false}
2024-05-24 01:23:32.186 DEBUG 49208 --- [main] org.hibernate.cfg.Ejb3Column             : Binding column: Ejb3JoinColumn{logicalColumnName='authorities_KEY', referencedColumn='null', mappedBy='null'}
2024-05-24 01:23:32.186 DEBUG 49208 --- [main] org.hibernate.cfg.Ejb3Column             : Binding column: Ejb3JoinColumn{logicalColumnName='USER_ID', referencedColumn='ID', mappedBy=''}
2024-05-24 01:23:32.186 DEBUG 49208 --- [main] org.hibernate.cfg.Ejb3Column             : Binding column: Ejb3JoinColumn{logicalColumnName='AUTHORITY_ID', referencedColumn='ID', mappedBy=''}
2024-05-24 01:23:32.187 DEBUG 49208 --- [main] o.h.cfg.annotations.CollectionBinder     : Collection role: com.myapplication.model.User.authorities
2024-05-24 01:23:32.189 DEBUG 49208 --- [main] o.h.cfg.annotations.PropertyBinder       : Building property authorities
2024-05-24 01:23:32.190 DEBUG 49208 --- [main] org.hibernate.cfg.Ejb3Column             : Binding column: Ejb3Column{table=org.hibernate.mapping.Table(USER), mappingColumn=CREDENTIALS_EXPIRED, insertable=true, updatable=true, unique=false}
2024-05-24 01:23:32.190 DEBUG 49208 --- [main] o.h.cfg.annotations.PropertyBinder       : MetadataSourceProcessor property credentialsExpired with lazy=false
2024-05-24 01:23:32.190 DEBUG 49208 --- [main] o.hibernate.cfg.AbstractPropertyHolder   : Attempting to locate auto-apply AttributeConverter for property [com.myapplication.model.User:credentialsExpired]
2024-05-24 01:23:32.190 DEBUG 49208 --- [main] o.h.cfg.annotations.SimpleValueBinder    : building SimpleValue for credentialsExpired
2024-05-24 01:23:32.190 DEBUG 49208 --- [main] o.h.cfg.annotations.PropertyBinder       : Building property credentialsExpired
2024-05-24 01:23:32.190 DEBUG 49208 --- [main] org.hibernate.cfg.Ejb3Column             : Binding column: Ejb3Column{table=org.hibernate.mapping.Table(USER), mappingColumn=enabled, insertable=true, updatable=true, unique=false}
2024-05-24 01:23:32.190 DEBUG 49208 --- [main] o.h.cfg.annotations.PropertyBinder       : MetadataSourceProcessor property enabled with lazy=false
2024-05-24 01:23:32.190 DEBUG 49208 --- [main] o.hibernate.cfg.AbstractPropertyHolder   : Attempting to locate auto-apply AttributeConverter for property [com.myapplication.model.User:enabled]
2024-05-24 01:23:32.191 DEBUG 49208 --- [main] o.h.cfg.annotations.SimpleValueBinder    : building SimpleValue for enabled
2024-05-24 01:23:32.191 DEBUG 49208 --- [main] o.h.cfg.annotations.PropertyBinder       : Building property enabled
2024-05-24 01:23:32.191 DEBUG 49208 --- [main] org.hibernate.cfg.Ejb3Column             : Binding column: Ejb3Column{table=org.hibernate.mapping.Table(USER), mappingColumn=PASSWORD, insertable=true, updatable=true, unique=false}
2024-05-24 01:23:32.191 DEBUG 49208 --- [main] o.h.cfg.annotations.PropertyBinder       : MetadataSourceProcessor property password with lazy=false
2024-05-24 01:23:32.191 DEBUG 49208 --- [main] o.hibernate.cfg.AbstractPropertyHolder   : Attempting to locate auto-apply AttributeConverter for property [com.myapplication.model.User:password]
2024-05-24 01:23:32.191 DEBUG 49208 --- [main] o.h.cfg.annotations.SimpleValueBinder    : building SimpleValue for password
2024-05-24 01:23:32.191 DEBUG 49208 --- [main] o.h.cfg.annotations.PropertyBinder       : Building property password
2024-05-24 01:23:32.191 DEBUG 49208 --- [main] org.hibernate.cfg.Ejb3Column             : Binding column: Ejb3Column{table=org.hibernate.mapping.Table(USER), mappingColumn=USER_NAME, insertable=true, updatable=true, unique=false}
2024-05-24 01:23:32.191 DEBUG 49208 --- [main] o.h.cfg.annotations.PropertyBinder       : MetadataSourceProcessor property username with lazy=false
2024-05-24 01:23:32.191 DEBUG 49208 --- [main] o.hibernate.cfg.AbstractPropertyHolder   : Attempting to locate auto-apply AttributeConverter for property [com.myapplication.model.User:username]
2024-05-24 01:23:32.191 DEBUG 49208 --- [main] o.h.cfg.annotations.SimpleValueBinder    : building SimpleValue for username
2024-05-24 01:23:32.191 DEBUG 49208 --- [main] o.h.cfg.annotations.PropertyBinder       : Building property username
2024-05-24 01:23:32.192 DEBUG 49208 --- [main] o.h.cfg.annotations.SimpleValueBinder    : Starting fillSimpleValue for id
2024-05-24 01:23:32.192 DEBUG 49208 --- [main] o.h.cfg.annotations.SimpleValueBinder    : Starting fillSimpleValue for name
2024-05-24 01:23:32.192 DEBUG 49208 --- [main] o.h.cfg.annotations.SimpleValueBinder    : Starting fillSimpleValue for id
2024-05-24 01:23:32.192 DEBUG 49208 --- [main] o.h.cfg.annotations.SimpleValueBinder    : Starting fillSimpleValue for cellphone
2024-05-24 01:23:32.192 DEBUG 49208 --- [main] o.h.cfg.annotations.SimpleValueBinder    : Starting fillSimpleValue for city
2024-05-24 01:23:32.192 DEBUG 49208 --- [main] o.h.cfg.annotations.SimpleValueBinder    : Starting fillSimpleValue for email
2024-05-24 01:23:32.192 DEBUG 49208 --- [main] o.h.cfg.annotations.SimpleValueBinder    : Starting fillSimpleValue for name
2024-05-24 01:23:32.192 DEBUG 49208 --- [main] o.h.cfg.annotations.SimpleValueBinder    : Starting fillSimpleValue for photo
2024-05-24 01:23:32.192 DEBUG 49208 --- [main] o.h.cfg.annotations.SimpleValueBinder    : Starting fillSimpleValue for state
2024-05-24 01:23:32.192 DEBUG 49208 --- [main] o.h.cfg.annotations.SimpleValueBinder    : Starting fillSimpleValue for id
2024-05-24 01:23:32.192 DEBUG 49208 --- [main] o.h.cfg.annotations.SimpleValueBinder    : Starting fillSimpleValue for availableUnits
2024-05-24 01:23:32.192 DEBUG 49208 --- [main] o.h.cfg.annotations.SimpleValueBinder    : Starting fillSimpleValue for city
2024-05-24 01:23:32.192 DEBUG 49208 --- [main] o.h.cfg.annotations.SimpleValueBinder    : Starting fillSimpleValue for laundry
2024-05-24 01:23:32.192 DEBUG 49208 --- [main] o.h.cfg.annotations.SimpleValueBinder    : Starting fillSimpleValue for name
2024-05-24 01:23:32.192 DEBUG 49208 --- [main] o.h.cfg.annotations.SimpleValueBinder    : Starting fillSimpleValue for photo
2024-05-24 01:23:32.192 DEBUG 49208 --- [main] o.h.cfg.annotations.SimpleValueBinder    : Starting fillSimpleValue for state
2024-05-24 01:23:32.192 DEBUG 49208 --- [main] o.h.cfg.annotations.SimpleValueBinder    : Starting fillSimpleValue for wifi
2024-05-24 01:23:32.192 DEBUG 49208 --- [main] o.h.cfg.annotations.SimpleValueBinder    : Starting fillSimpleValue for id
2024-05-24 01:23:32.192 DEBUG 49208 --- [main] o.h.cfg.annotations.SimpleValueBinder    : Starting fillSimpleValue for agency
2024-05-24 01:23:32.192 DEBUG 49208 --- [main] o.h.cfg.annotations.SimpleValueBinder    : Starting fillSimpleValue for availableUnits
2024-05-24 01:23:32.192 DEBUG 49208 --- [main] o.h.cfg.annotations.SimpleValueBinder    : Starting fillSimpleValue for carName
2024-05-24 01:23:32.192 DEBUG 49208 --- [main] o.h.cfg.annotations.SimpleValueBinder    : Starting fillSimpleValue for location
2024-05-24 01:23:32.192 DEBUG 49208 --- [main] o.h.cfg.annotations.SimpleValueBinder    : Starting fillSimpleValue for photo
2024-05-24 01:23:32.192 DEBUG 49208 --- [main] o.h.cfg.annotations.SimpleValueBinder    : Starting fillSimpleValue for price
2024-05-24 01:23:32.192 DEBUG 49208 --- [main] o.h.cfg.annotations.SimpleValueBinder    : Starting fillSimpleValue for id
2024-05-24 01:23:32.192 DEBUG 49208 --- [main] o.h.cfg.annotations.SimpleValueBinder    : Starting fillSimpleValue for accountExpired
2024-05-24 01:23:32.192 DEBUG 49208 --- [main] o.h.cfg.annotations.SimpleValueBinder    : Starting fillSimpleValue for accountLocked
2024-05-24 01:23:32.192 DEBUG 49208 --- [main] o.h.cfg.annotations.SimpleValueBinder    : Starting fillSimpleValue for credentialsExpired
2024-05-24 01:23:32.192 DEBUG 49208 --- [main] o.h.cfg.annotations.SimpleValueBinder    : Starting fillSimpleValue for enabled
2024-05-24 01:23:32.192 DEBUG 49208 --- [main] o.h.cfg.annotations.SimpleValueBinder    : Starting fillSimpleValue for password
2024-05-24 01:23:32.192 DEBUG 49208 --- [main] o.h.cfg.annotations.SimpleValueBinder    : Starting fillSimpleValue for username
2024-05-24 01:23:32.198 DEBUG 49208 --- [main] org.hibernate.mapping.PrimaryKey         : Forcing column [id] to be non-null as it is part of the primary key for table [authority]
2024-05-24 01:23:32.198 DEBUG 49208 --- [main] org.hibernate.mapping.PrimaryKey         : Forcing column [id] to be non-null as it is part of the primary key for table [customer]
2024-05-24 01:23:32.198 DEBUG 49208 --- [main] org.hibernate.mapping.PrimaryKey         : Forcing column [id] to be non-null as it is part of the primary key for table [housing_location]
2024-05-24 01:23:32.198 DEBUG 49208 --- [main] org.hibernate.mapping.PrimaryKey         : Forcing column [id] to be non-null as it is part of the primary key for table [publication]
2024-05-24 01:23:32.198 DEBUG 49208 --- [main] org.hibernate.mapping.PrimaryKey         : Forcing column [id] to be non-null as it is part of the primary key for table [user]
2024-05-24 01:23:32.198 DEBUG 49208 --- [main] org.hibernate.cfg.CollectionSecondPass   : Second pass for collection: com.myapplication.model.User.authorities
2024-05-24 01:23:32.198 DEBUG 49208 --- [main] o.h.cfg.annotations.CollectionBinder     : Binding as ManyToMany: com.myapplication.model.User.authorities
2024-05-24 01:23:32.202 DEBUG 49208 --- [main] org.hibernate.cfg.CollectionSecondPass   : Mapped collection key: USER_ID, element: AUTHORITY_ID
2024-05-24 01:23:32.202 DEBUG 49208 --- [main] o.h.b.i.InFlightMetadataCollectorImpl    : Resolving reference to class: com.myapplication.model.Publication
2024-05-24 01:23:32.204 DEBUG 49208 --- [main] o.h.b.i.InFlightMetadataCollectorImpl    : Resolving reference to class: com.myapplication.model.Authority
2024-05-24 01:23:32.204 DEBUG 49208 --- [main] o.h.b.i.InFlightMetadataCollectorImpl    : Resolving reference to class: com.myapplication.model.User
2024-05-24 01:23:32.207 DEBUG 49208 --- [main] o.h.b.i.InFlightMetadataCollectorImpl    : Resolving reference to class: com.myapplication.model.Publication
2024-05-24 01:23:32.207 DEBUG 49208 --- [main] o.h.b.i.InFlightMetadataCollectorImpl    : Resolving reference to class: com.myapplication.model.Authority
2024-05-24 01:23:32.207 DEBUG 49208 --- [main] o.h.b.i.InFlightMetadataCollectorImpl    : Resolving reference to class: com.myapplication.model.User
2024-05-24 01:23:32.237 DEBUG 49208 --- [main] o.hibernate.internal.SessionFactoryImpl  : Building session factory
2024-05-24 01:23:32.238 DEBUG 49208 --- [main] org.hibernate.cfg.Settings               : SessionFactory name : null
2024-05-24 01:23:32.238 DEBUG 49208 --- [main] org.hibernate.cfg.Settings               : Automatic flush during beforeCompletion(): enabled
2024-05-24 01:23:32.238 DEBUG 49208 --- [main] org.hibernate.cfg.Settings               : Automatic session close at end of transaction: disabled
2024-05-24 01:23:32.238 DEBUG 49208 --- [main] org.hibernate.cfg.Settings               : Statistics: disabled
2024-05-24 01:23:32.238 DEBUG 49208 --- [main] org.hibernate.cfg.Settings               : Deleted entity synthetic identifier rollback: disabled
2024-05-24 01:23:32.238 DEBUG 49208 --- [main] org.hibernate.cfg.Settings               : Default entity-mode: pojo
2024-05-24 01:23:32.238 DEBUG 49208 --- [main] org.hibernate.cfg.Settings               : Check Nullability in Core (should be disabled when Bean Validation is on): enabled
2024-05-24 01:23:32.239 DEBUG 49208 --- [main] org.hibernate.cfg.Settings               : Allow initialization of lazy state outside session : disabled
2024-05-24 01:23:32.239 DEBUG 49208 --- [main] org.hibernate.cfg.Settings               : Using BatchFetchStyle : LEGACY
2024-05-24 01:23:32.239 DEBUG 49208 --- [main] org.hibernate.cfg.Settings               : Default batch fetch size: -1
2024-05-24 01:23:32.239 DEBUG 49208 --- [main] org.hibernate.cfg.Settings               : Maximum outer join fetch depth: 2
2024-05-24 01:23:32.239 DEBUG 49208 --- [main] org.hibernate.cfg.Settings               : Default null ordering: NONE
2024-05-24 01:23:32.239 DEBUG 49208 --- [main] org.hibernate.cfg.Settings               : Order SQL updates by primary key: disabled
2024-05-24 01:23:32.239 DEBUG 49208 --- [main] org.hibernate.cfg.Settings               : Order SQL inserts for batching: disabled
2024-05-24 01:23:32.239 DEBUG 49208 --- [main] org.hibernate.cfg.Settings               : multi-tenancy strategy : NONE
2024-05-24 01:23:32.239 DEBUG 49208 --- [main] org.hibernate.cfg.Settings               : JTA Track by Thread: enabled
2024-05-24 01:23:32.239 DEBUG 49208 --- [main] org.hibernate.cfg.Settings               : Query language substitutions: {}
2024-05-24 01:23:32.239 DEBUG 49208 --- [main] org.hibernate.cfg.Settings               : Named query checking : enabled
2024-05-24 01:23:32.239 DEBUG 49208 --- [main] org.hibernate.cfg.Settings               : Second-level cache: disabled
2024-05-24 01:23:32.239 DEBUG 49208 --- [main] org.hibernate.cfg.Settings               : Second-level query cache: disabled
2024-05-24 01:23:32.239 DEBUG 49208 --- [main] org.hibernate.cfg.Settings               : Second-level query cache factory: null
2024-05-24 01:23:32.239 DEBUG 49208 --- [main] org.hibernate.cfg.Settings               : Second-level cache region prefix: null
2024-05-24 01:23:32.239 DEBUG 49208 --- [main] org.hibernate.cfg.Settings               : Optimize second-level cache for minimal puts: disabled
2024-05-24 01:23:32.239 DEBUG 49208 --- [main] org.hibernate.cfg.Settings               : Structured second-level cache entries: disabled
2024-05-24 01:23:32.239 DEBUG 49208 --- [main] org.hibernate.cfg.Settings               : Second-level cache direct-reference entries: disabled
2024-05-24 01:23:32.239 DEBUG 49208 --- [main] org.hibernate.cfg.Settings               : Automatic eviction of collection cache: disabled
2024-05-24 01:23:32.239 DEBUG 49208 --- [main] org.hibernate.cfg.Settings               : JDBC batch size: 15
2024-05-24 01:23:32.239 DEBUG 49208 --- [main] org.hibernate.cfg.Settings               : JDBC batch updates for versioned data: enabled
2024-05-24 01:23:32.239 DEBUG 49208 --- [main] org.hibernate.cfg.Settings               : Scrollable result sets: enabled
2024-05-24 01:23:32.239 DEBUG 49208 --- [main] org.hibernate.cfg.Settings               : Wrap result sets: disabled
2024-05-24 01:23:32.239 DEBUG 49208 --- [main] org.hibernate.cfg.Settings               : JDBC3 getGeneratedKeys(): enabled
2024-05-24 01:23:32.239 DEBUG 49208 --- [main] org.hibernate.cfg.Settings               : JDBC result set fetch size: null
2024-05-24 01:23:32.239 DEBUG 49208 --- [main] org.hibernate.cfg.Settings               : Connection release mode: ON_CLOSE
2024-05-24 01:23:32.239 DEBUG 49208 --- [main] org.hibernate.cfg.Settings               : Generate SQL with comments: disabled
2024-05-24 01:23:32.239 DEBUG 49208 --- [main] org.hibernate.cfg.Settings               : JPA compliance - query : disabled
2024-05-24 01:23:32.239 DEBUG 49208 --- [main] org.hibernate.cfg.Settings               : JPA compliance - closed-handling : disabled
2024-05-24 01:23:32.239 DEBUG 49208 --- [main] org.hibernate.cfg.Settings               : JPA compliance - lists : disabled
2024-05-24 01:23:32.239 DEBUG 49208 --- [main] org.hibernate.cfg.Settings               : JPA compliance - transactions : disabled
2024-05-24 01:23:32.313 DEBUG 49208 --- [main] o.hibernate.internal.SessionFactoryImpl  : Session factory constructed with filter configurations : {}
2024-05-24 01:23:32.313 DEBUG 49208 --- [main] o.hibernate.internal.SessionFactoryImpl  : Instantiating session factory with properties: {java.specification.version=17, sun.cpu.isalist=amd64, hibernate.resource.beans.container=org.springframework.orm.hibernate5.SpringBeanContainer@8d810f2, hibernate.connection.handling_mode=DELAYED_ACQUISITION_AND_HOLD, sun.jnu.encoding=Cp1252, hibernate.dialect=org.hibernate.dialect.MySQLDialect, java.class.path=C:\Users\retro\eclipse-workspace\my-rest-application\target\classes;C:\Users\retro\.m2\repository\org\springframework\boot\spring-boot-starter-web\2.3.0.RELEASE\spring-boot-starter-web-2.3.0.RELEASE.jar;C:\Users\retro\.m2\repository\org\springframework\boot\spring-boot-starter\2.3.0.RELEASE\spring-boot-starter-2.3.0.RELEASE.jar;C:\Users\retro\.m2\repository\org\springframework\boot\spring-boot\2.3.0.RELEASE\spring-boot-2.3.0.RELEASE.jar;C:\Users\retro\.m2\repository\org\springframework\boot\spring-boot-autoconfigure\2.3.0.RELEASE\spring-boot-autoconfigure-2.3.0.RELEASE.jar;C:\Users\retro\.m2\repository\org\springframework\boot\spring-boot-starter-logging\2.3.0.RELEASE\spring-boot-starter-logging-2.3.0.RELEASE.jar;C:\Users\retro\.m2\repository\ch\qos\logback\logback-classic\1.2.3\logback-classic-1.2.3.jar;C:\Users\retro\.m2\repository\ch\qos\logback\logback-core\1.2.3\logback-core-1.2.3.jar;C:\Users\retro\.m2\repository\org\apache\logging\log4j\log4j-to-slf4j\2.13.2\log4j-to-slf4j-2.13.2.jar;C:\Users\retro\.m2\repository\org\apache\logging\log4j\log4j-api\2.13.2\log4j-api-2.13.2.jar;C:\Users\retro\.m2\repository\org\slf4j\jul-to-slf4j\1.7.30\jul-to-slf4j-1.7.30.jar;C:\Users\retro\.m2\repository\jakarta\annotation\jakarta.annotation-api\1.3.5\jakarta.annotation-api-1.3.5.jar;C:\Users\retro\.m2\repository\org\yaml\snakeyaml\1.26\snakeyaml-1.26.jar;C:\Users\retro\.m2\repository\org\springframework\boot\spring-boot-starter-json\2.3.0.RELEASE\spring-boot-starter-json-2.3.0.RELEASE.jar;C:\Users\retro\.m2\repository\com\fasterxml\jackson\core\jackson-databind\2.11.0\jackson-databind-2.11.0.jar;C:\Users\retro\.m2\repository\com\fasterxml\jackson\core\jackson-annotations\2.11.0\jackson-annotations-2.11.0.jar;C:\Users\retro\.m2\repository\com\fasterxml\jackson\core\jackson-core\2.11.0\jackson-core-2.11.0.jar;C:\Users\retro\.m2\repository\com\fasterxml\jackson\datatype\jackson-datatype-jdk8\2.11.0\jackson-datatype-jdk8-2.11.0.jar;C:\Users\retro\.m2\repository\com\fasterxml\jackson\datatype\jackson-datatype-jsr310\2.11.0\jackson-datatype-jsr310-2.11.0.jar;C:\Users\retro\.m2\repository\com\fasterxml\jackson\module\jackson-module-parameter-names\2.11.0\jackson-module-parameter-names-2.11.0.jar;C:\Users\retro\.m2\repository\org\springframework\boot\spring-boot-starter-tomcat\2.3.0.RELEASE\spring-boot-starter-tomcat-2.3.0.RELEASE.jar;C:\Users\retro\.m2\repository\org\apache\tomcat\embed\tomcat-embed-core\9.0.35\tomcat-embed-core-9.0.35.jar;C:\Users\retro\.m2\repository\org\glassfish\jakarta.el\3.0.3\jakarta.el-3.0.3.jar;C:\Users\retro\.m2\repository\org\apache\tomcat\embed\tomcat-embed-websocket\9.0.35\tomcat-embed-websocket-9.0.35.jar;C:\Users\retro\.m2\repository\org\springframework\spring-web\5.2.6.RELEASE\spring-web-5.2.6.RELEASE.jar;C:\Users\retro\.m2\repository\org\springframework\spring-webmvc\5.2.6.RELEASE\spring-webmvc-5.2.6.RELEASE.jar;C:\Users\retro\.m2\repository\org\springframework\boot\spring-boot-starter-data-jpa\2.3.0.RELEASE\spring-boot-starter-data-jpa-2.3.0.RELEASE.jar;C:\Users\retro\.m2\repository\org\springframework\boot\spring-boot-starter-aop\2.3.0.RELEASE\spring-boot-starter-aop-2.3.0.RELEASE.jar;C:\Users\retro\.m2\repository\org\aspectj\aspectjweaver\1.9.5\aspectjweaver-1.9.5.jar;C:\Users\retro\.m2\repository\org\springframework\boot\spring-boot-starter-jdbc\2.3.0.RELEASE\spring-boot-starter-jdbc-2.3.0.RELEASE.jar;C:\Users\retro\.m2\repository\com\zaxxer\HikariCP\3.4.5\HikariCP-3.4.5.jar;C:\Users\retro\.m2\repository\org\springframework\spring-jdbc\5.2.6.RELEASE\spring-jdbc-5.2.6.RELEASE.jar;C:\Users\retro\.m2\repository\jakarta\transaction\jakarta.transaction-api\1.3.3\jakarta.transaction-api-1.3.3.jar;C:\Users\retro\.m2\repository\jakarta\persistence\jakarta.persistence-api\2.2.3\jakarta.persistence-api-2.2.3.jar;C:\Users\retro\.m2\repository\org\hibernate\hibernate-core\5.4.15.Final\hibernate-core-5.4.15.Final.jar;C:\Users\retro\.m2\repository\org\jboss\logging\jboss-logging\3.4.1.Final\jboss-logging-3.4.1.Final.jar;C:\Users\retro\.m2\repository\org\javassist\javassist\3.24.0-GA\javassist-3.24.0-GA.jar;C:\Users\retro\.m2\repository\net\bytebuddy\byte-buddy\1.10.10\byte-buddy-1.10.10.jar;C:\Users\retro\.m2\repository\antlr\antlr\2.7.7\antlr-2.7.7.jar;C:\Users\retro\.m2\repository\org\jboss\jandex\2.1.3.Final\jandex-2.1.3.Final.jar;C:\Users\retro\.m2\repository\com\fasterxml\classmate\1.5.1\classmate-1.5.1.jar;C:\Users\retro\.m2\repository\org\dom4j\dom4j\2.1.3\dom4j-2.1.3.jar;C:\Users\retro\.m2\repository\org\hibernate\common\hibernate-commons-annotations\5.1.0.Final\hibernate-commons-annotations-5.1.0.Final.jar;C:\Users\retro\.m2\repository\org\glassfish\jaxb\jaxb-runtime\2.3.3\jaxb-runtime-2.3.3.jar;C:\Users\retro\.m2\repository\jakarta\xml\bind\jakarta.xml.bind-api\2.3.3\jakarta.xml.bind-api-2.3.3.jar;C:\Users\retro\.m2\repository\org\glassfish\jaxb\txw2\2.3.3\txw2-2.3.3.jar;C:\Users\retro\.m2\repository\com\sun\istack\istack-commons-runtime\3.0.11\istack-commons-runtime-3.0.11.jar;C:\Users\retro\.m2\repository\org\springframework\data\spring-data-jpa\2.3.0.RELEASE\spring-data-jpa-2.3.0.RELEASE.jar;C:\Users\retro\.m2\repository\org\springframework\data\spring-data-commons\2.3.0.RELEASE\spring-data-commons-2.3.0.RELEASE.jar;C:\Users\retro\.m2\repository\org\springframework\spring-orm\5.2.6.RELEASE\spring-orm-5.2.6.RELEASE.jar;C:\Users\retro\.m2\repository\org\springframework\spring-tx\5.2.6.RELEASE\spring-tx-5.2.6.RELEASE.jar;C:\Users\retro\.m2\repository\org\slf4j\slf4j-api\1.7.30\slf4j-api-1.7.30.jar;C:\Users\retro\.m2\repository\org\springframework\spring-aspects\5.2.6.RELEASE\spring-aspects-5.2.6.RELEASE.jar;C:\Users\retro\.m2\repository\com\mysql\mysql-connector-j\8.0.33\mysql-connector-j-8.0.33.jar;C:\Users\retro\.m2\repository\org\springframework\boot\spring-boot-starter-security\2.3.0.RELEASE\spring-boot-starter-security-2.3.0.RELEASE.jar;C:\Users\retro\.m2\repository\org\springframework\spring-aop\5.2.6.RELEASE\spring-aop-5.2.6.RELEASE.jar;C:\Users\retro\.m2\repository\org\springframework\security\spring-security-web\5.3.2.RELEASE\spring-security-web-5.3.2.RELEASE.jar;C:\Users\retro\.m2\repository\org\springframework\security\oauth\spring-security-oauth2\2.1.0.RELEASE\spring-security-oauth2-2.1.0.RELEASE.jar;C:\Users\retro\.m2\repository\org\springframework\spring-beans\5.2.6.RELEASE\spring-beans-5.2.6.RELEASE.jar;C:\Users\retro\.m2\repository\org\springframework\spring-core\5.2.6.RELEASE\spring-core-5.2.6.RELEASE.jar;C:\Users\retro\.m2\repository\org\springframework\spring-jcl\5.2.6.RELEASE\spring-jcl-5.2.6.RELEASE.jar;C:\Users\retro\.m2\repository\org\springframework\spring-context\5.2.6.RELEASE\spring-context-5.2.6.RELEASE.jar;C:\Users\retro\.m2\repository\commons-codec\commons-codec\1.14\commons-codec-1.14.jar;C:\Users\retro\.m2\repository\org\codehaus\jackson\jackson-mapper-asl\1.9.13\jackson-mapper-asl-1.9.13.jar;C:\Users\retro\.m2\repository\org\codehaus\jackson\jackson-core-asl\1.9.13\jackson-core-asl-1.9.13.jar;C:\Users\retro\.m2\repository\org\springframework\security\spring-security-core\4.0.3.RELEASE\spring-security-core-4.0.3.RELEASE.jar;C:\Users\retro\.m2\repository\aopalliance\aopalliance\1.0\aopalliance-1.0.jar;C:\Users\retro\.m2\repository\org\springframework\spring-expression\5.2.6.RELEASE\spring-expression-5.2.6.RELEASE.jar;C:\Users\retro\.m2\repository\org\springframework\security\spring-security-config\4.2.20.RELEASE\spring-security-config-4.2.20.RELEASE.jar;C:\Users\retro\.m2\repository\org\springframework\boot\spring-boot-starter-oauth2-client\2.3.0.RELEASE\spring-boot-starter-oauth2-client-2.3.0.RELEASE.jar;C:\Users\retro\.m2\repository\com\sun\mail\jakarta.mail\1.6.5\jakarta.mail-1.6.5.jar;C:\Users\retro\.m2\repository\com\sun\activation\jakarta.activation\1.2.2\jakarta.activation-1.2.2.jar;C:\Users\retro\.m2\repository\org\springframework\security\spring-security-oauth2-client\5.3.2.RELEASE\spring-security-oauth2-client-5.3.2.RELEASE.jar;C:\Users\retro\.m2\repository\com\nimbusds\oauth2-oidc-sdk\7.1.1\oauth2-oidc-sdk-7.1.1.jar;C:\Users\retro\.m2\repository\com\github\stephenc\jcip\jcip-annotations\1.0-1\jcip-annotations-1.0-1.jar;C:\Users\retro\.m2\repository\com\nimbusds\content-type\2.0\content-type-2.0.jar;C:\Users\retro\.m2\repository\net\minidev\json-smart\1.3.1\json-smart-1.3.1.jar;C:\Users\retro\.m2\repository\com\nimbusds\lang-tag\1.4.4\lang-tag-1.4.4.jar;C:\Users\retro\.m2\repository\org\springframework\security\spring-security-oauth2-core\5.3.2.RELEASE\spring-security-oauth2-core-5.3.2.RELEASE.jar;C:\Users\retro\.m2\repository\org\springframework\security\spring-security-oauth2-jose\5.3.2.RELEASE\spring-security-oauth2-jose-5.3.2.RELEASE.jar;C:\Users\retro\.m2\repository\com\nimbusds\nimbus-jose-jwt\8.9\nimbus-jose-jwt-8.9.jar, com.sun.management.jmxremote.authenticate=false, java.vm.vendor=Eclipse Adoptium, LOG_PATH=/log, sun.arch.data.model=64, user.variant=, java.vendor.url=https://adoptium.net/, catalina.useNaming=false, user.timezone=America/Mexico_City, java.vm.specification.version=17, os.name=Windows 11, sun.java.launcher=SUN_STANDARD, user.country=MX, sun.boot.library.path=C:\Program Files\Eclipse 4.31.0\eclipse\plugins\org.eclipse.justj.openjdk.hotspot.jre.full.win32.x86_64_17.0.10.v20240120-1143\jre\bin, com.sun.management.jmxremote.ssl=false, sun.java.command=com.myapplication.MyRestApplication --spring.output.ansi.enabled=always, spring.application.admin.enabled=true, com.sun.management.jmxremote=, jdk.debug=release, sun.cpu.endian=little, spring.boot.project.name=my-rest-application, user.home=C:\Users\retro, user.language=es, java.specification.vendor=Oracle Corporation, java.version.date=2024-01-16, java.home=C:\Program Files\Eclipse 4.31.0\eclipse\plugins\org.eclipse.justj.openjdk.hotspot.jre.full.win32.x86_64_17.0.10.v20240120-1143\jre, file.separator=\, java.vm.compressedOopsMode=32-bit, line.separator=
, java.vm.specification.vendor=Oracle Corporation, java.specification.name=Java Platform API Specification, java.awt.headless=true, hibernate.hbm2ddl.auto=update, user.script=, sun.management.compiler=HotSpot 64-Bit Tiered Compilers, java.runtime.version=17.0.10+7, user.name=retro, spring.jmx.enabled=true, stdout.encoding=UTF-8, path.separator=;, management.endpoints.jmx.exposure.include=*, os.version=10.0, java.runtime.name=OpenJDK Runtime Environment, file.encoding=UTF-8, spring.beaninfo.ignore=true, java.vm.name=OpenJDK 64-Bit Server VM, hibernate.show_sql=true, hibernate.classLoaders=[jdk.internal.loader.ClassLoaders$AppClassLoader@21588809], java.vendor.version=Temurin-17.0.10+7, hibernate.current_session_context_class=org.springframework.orm.hibernate5.SpringSessionContext, LOG_FILE=myapp.log, java.vendor.url.bug=https://github.com/adoptium/adoptium-support/issues, java.io.tmpdir=C:\Users\retro\AppData\Local\Temp\, catalina.home=C:\Users\retro\AppData\Local\Temp\tomcat.16216983103332577527.8080, com.sun.management.jmxremote.port=50736, java.version=17.0.10, user.dir=C:\Users\retro\eclipse-workspace\my-rest-application, os.arch=amd64, java.vm.specification.name=Java Virtual Machine Specification, PID=49208, sun.os.patch.level=, catalina.base=C:\Users\retro\AppData\Local\Temp\tomcat.16216983103332577527.8080, hibernate.boot.CfgXmlAccessService.key=org.hibernate.boot.cfgxml.spi.LoadedConfig@537b3be1, native.encoding=Cp1252, java.library.path=C:\Program Files\Eclipse 4.31.0\eclipse\plugins\org.eclipse.justj.openjdk.hotspot.jre.full.win32.x86_64_17.0.10.v20240120-1143\jre\bin;C:\WINDOWS\Sun\Java\bin;C:\WINDOWS\system32;C:\WINDOWS;C:\Program Files\Eclipse 4.31.0\eclipse\plugins\org.eclipse.justj.openjdk.hotspot.jre.full.win32.x86_64_17.0.10.v20240120-1143\jre\bin;C:/Program Files/Eclipse 4.31.0/eclipse//plugins/org.eclipse.justj.openjdk.hotspot.jre.full.win32.x86_64_17.0.10.v20240120-1143/jre/bin/server;C:/Program Files/Eclipse 4.31.0/eclipse//plugins/org.eclipse.justj.openjdk.hotspot.jre.full.win32.x86_64_17.0.10.v20240120-1143/jre/bin;C:\Program Files\Microsoft\jdk-17.0.11.9-hotspot\bin;C:\WINDOWS\system32;C:\WINDOWS;C:\WINDOWS\System32\Wbem;C:\WINDOWS\System32\WindowsPowerShell\v1.0\;C:\WINDOWS\System32\OpenSSH\;C:\ProgramData\chocolatey\bin;C:\tools\php83;C:\ProgramData\ComposerSetup\bin;C:\Program Files\nodejs\;C:\Program Files\HP\HP One Agent;C:\Program Files\Microsoft VS Code\bin;C:\Program Files\Git\cmd;C:\Users\retro\.config\herd\bin;C:\Users\retro\AppData\Local\Microsoft\WindowsApps;C:\Users\retro\AppData\Roaming\Composer\vendor\bin;C:\Users\retro\AppData\Roaming\npm;C:\WINDOWS\system32;;., stderr.encoding=UTF-8, java.vendor=Eclipse Adoptium, java.vm.info=mixed mode, emulated-client, java.vm.version=17.0.10+7, hibernate.bytecode.use_reflection_optimizer=false, java.rmi.server.randomIDs=true, java.rmi.server.hostname=localhost, sun.io.unicode.encoding=UnicodeLittle, hibernate.connection.datasource=org.springframework.jdbc.datasource.DriverManagerDataSource@9f86dc3, java.class.version=61.0}
2024-05-24 01:23:32.330 DEBUG 49208 --- [main] org.hibernate.secure.spi.JaccIntegrator  : Skipping JACC integration as it was not enabled
2024-05-24 01:23:32.330 DEBUG 49208 --- [main] o.hibernate.internal.SessionFactoryImpl  : Instantiated session factory
2024-05-24 01:23:32.330 DEBUG 49208 --- [main] o.h.type.spi.TypeConfiguration$Scope     : Scoping TypeConfiguration [org.hibernate.type.spi.TypeConfiguration@40bf0e15] to SessionFactoryImpl [org.hibernate.internal.SessionFactoryImpl@2a075e70]
2024-05-24 01:23:32.392 DEBUG 49208 --- [main] o.h.boot.internal.ClassLoaderAccessImpl  : Not known whether passed class name [com.myapplication.model.Authority] is safe
2024-05-24 01:23:32.392 DEBUG 49208 --- [main] o.h.boot.internal.ClassLoaderAccessImpl  : No temp ClassLoader provided; using live ClassLoader for loading potentially unsafe class : com.myapplication.model.Authority
2024-05-24 01:23:32.411 DEBUG 49208 --- [main] o.h.boot.internal.ClassLoaderAccessImpl  : Not known whether passed class name [com.myapplication.model.Authority] is safe
2024-05-24 01:23:32.411 DEBUG 49208 --- [main] o.h.boot.internal.ClassLoaderAccessImpl  : No temp ClassLoader provided; using live ClassLoader for loading potentially unsafe class : com.myapplication.model.Authority
2024-05-24 01:23:32.698 DEBUG 49208 --- [main] o.h.boot.internal.ClassLoaderAccessImpl  : Not known whether passed class name [com.myapplication.model.HousingLocation] is safe
2024-05-24 01:23:32.698 DEBUG 49208 --- [main] o.h.boot.internal.ClassLoaderAccessImpl  : No temp ClassLoader provided; using live ClassLoader for loading potentially unsafe class : com.myapplication.model.HousingLocation
2024-05-24 01:23:32.698 DEBUG 49208 --- [main] o.h.boot.internal.ClassLoaderAccessImpl  : Not known whether passed class name [com.myapplication.model.HousingLocation] is safe
2024-05-24 01:23:32.699 DEBUG 49208 --- [main] o.h.boot.internal.ClassLoaderAccessImpl  : No temp ClassLoader provided; using live ClassLoader for loading potentially unsafe class : com.myapplication.model.HousingLocation
2024-05-24 01:23:32.721 DEBUG 49208 --- [main] o.h.boot.internal.ClassLoaderAccessImpl  : Not known whether passed class name [com.myapplication.model.Customer] is safe
2024-05-24 01:23:32.721 DEBUG 49208 --- [main] o.h.boot.internal.ClassLoaderAccessImpl  : No temp ClassLoader provided; using live ClassLoader for loading potentially unsafe class : com.myapplication.model.Customer
2024-05-24 01:23:32.724 DEBUG 49208 --- [main] o.h.boot.internal.ClassLoaderAccessImpl  : Not known whether passed class name [com.myapplication.model.Customer] is safe
2024-05-24 01:23:32.724 DEBUG 49208 --- [main] o.h.boot.internal.ClassLoaderAccessImpl  : No temp ClassLoader provided; using live ClassLoader for loading potentially unsafe class : com.myapplication.model.Customer
2024-05-24 01:23:32.739 DEBUG 49208 --- [main] o.h.boot.internal.ClassLoaderAccessImpl  : Not known whether passed class name [com.myapplication.model.Publication] is safe
2024-05-24 01:23:32.739 DEBUG 49208 --- [main] o.h.boot.internal.ClassLoaderAccessImpl  : No temp ClassLoader provided; using live ClassLoader for loading potentially unsafe class : com.myapplication.model.Publication
2024-05-24 01:23:32.739 DEBUG 49208 --- [main] o.h.boot.internal.ClassLoaderAccessImpl  : Not known whether passed class name [com.myapplication.model.Publication] is safe
2024-05-24 01:23:32.739 DEBUG 49208 --- [main] o.h.boot.internal.ClassLoaderAccessImpl  : No temp ClassLoader provided; using live ClassLoader for loading potentially unsafe class : com.myapplication.model.Publication
2024-05-24 01:23:32.750 DEBUG 49208 --- [main] o.h.boot.internal.ClassLoaderAccessImpl  : Not known whether passed class name [com.myapplication.model.User] is safe
2024-05-24 01:23:32.750 DEBUG 49208 --- [main] o.h.boot.internal.ClassLoaderAccessImpl  : No temp ClassLoader provided; using live ClassLoader for loading potentially unsafe class : com.myapplication.model.User
2024-05-24 01:23:32.750 DEBUG 49208 --- [main] o.h.boot.internal.ClassLoaderAccessImpl  : Not known whether passed class name [com.myapplication.model.User] is safe
2024-05-24 01:23:32.750 DEBUG 49208 --- [main] o.h.boot.internal.ClassLoaderAccessImpl  : No temp ClassLoader provided; using live ClassLoader for loading potentially unsafe class : com.myapplication.model.User
2024-05-24 01:23:32.778 DEBUG 49208 --- [main] o.h.p.c.AbstractCollectionPersister      : Static SQL for collection: com.myapplication.model.User.authorities
2024-05-24 01:23:32.778 DEBUG 49208 --- [main] o.h.p.c.AbstractCollectionPersister      :  Row insert: insert into USERS_AUTHORITIES (USER_ID, AUTHORITY_ID) values (?, ?)
2024-05-24 01:23:32.778 DEBUG 49208 --- [main] o.h.p.c.AbstractCollectionPersister      :  Row update: update USERS_AUTHORITIES set AUTHORITY_ID=? where USER_ID=? and AUTHORITY_ID=?
2024-05-24 01:23:32.778 DEBUG 49208 --- [main] o.h.p.c.AbstractCollectionPersister      :  Row delete: delete from USERS_AUTHORITIES where USER_ID=? and AUTHORITY_ID=?
2024-05-24 01:23:32.778 DEBUG 49208 --- [main] o.h.p.c.AbstractCollectionPersister      :  One-shot delete: delete from USERS_AUTHORITIES where USER_ID=?
2024-05-24 01:23:32.778 DEBUG 49208 --- [main] o.h.p.c.AbstractCollectionPersister      : Translating many-to-many order-by fragment [null] for collection role : com.myapplication.model.User.authorities
2024-05-24 01:23:32.815 DEBUG 49208 --- [main] o.h.p.entity.AbstractEntityPersister     : Static SQL for entity: com.myapplication.model.Authority
2024-05-24 01:23:32.815 DEBUG 49208 --- [main] o.h.p.entity.AbstractEntityPersister     :  Version select: select ID from AUTHORITY where ID =?
2024-05-24 01:23:32.815 DEBUG 49208 --- [main] o.h.p.entity.AbstractEntityPersister     :  Snapshot select: select authority_.ID, authority_.NAME as name2_0_ from AUTHORITY authority_ where authority_.ID=?
2024-05-24 01:23:32.815 DEBUG 49208 --- [main] o.h.p.entity.AbstractEntityPersister     :  Insert 0: insert into AUTHORITY (NAME, ID) values (?, ?)
2024-05-24 01:23:32.815 DEBUG 49208 --- [main] o.h.p.entity.AbstractEntityPersister     :  Update 0: update AUTHORITY set NAME=? where ID=?
2024-05-24 01:23:32.819 DEBUG 49208 --- [main] o.h.p.entity.AbstractEntityPersister     :  Delete 0: delete from AUTHORITY where ID=?
2024-05-24 01:23:32.819 DEBUG 49208 --- [main] o.h.p.entity.AbstractEntityPersister     :  Identity insert: insert into AUTHORITY (NAME) values (?)
2024-05-24 01:23:32.857 DEBUG 49208 --- [main] o.h.l.p.b.i.spaces.QuerySpacesImpl       : Adding QuerySpace : uid = <gen:0> -> org.hibernate.loader.plan.build.internal.spaces.EntityQuerySpaceImpl@4e14d520]
2024-05-24 01:23:32.858 DEBUG 49208 --- [main] o.h.p.walking.spi.MetamodelGraphWalker   : Visiting attribute path : name
2024-05-24 01:23:32.858 DEBUG 49208 --- [main] lanBuildingAssociationVisitationStrategy : Building LoadPlan...
2024-05-24 01:23:32.871 DEBUG 49208 --- [main] h.l.p.e.i.LoadQueryJoinAndFetchProcessor : processing queryspace <gen:0>
2024-05-24 01:23:32.874 DEBUG 49208 --- [main] o.h.l.p.build.spi.LoadPlanTreePrinter    : LoadPlan(entity=com.myapplication.model.Authority)
    - Returns
       - EntityReturnImpl(entity=com.myapplication.model.Authority, querySpaceUid=<gen:0>, path=com.myapplication.model.Authority)
    - QuerySpaces
       - EntityQuerySpaceImpl(uid=<gen:0>, entity=com.myapplication.model.Authority)
          - SQL table alias mapping - authority0_
          - alias suffix - 0_
          - suffixed key columns - {id1_0_0_}

2024-05-24 01:23:32.876 DEBUG 49208 --- [main] o.h.loader.entity.plan.EntityLoader      : Static select for entity com.myapplication.model.Authority [NONE]: select authority0_.ID as id1_0_0_, authority0_.NAME as name2_0_0_ from AUTHORITY authority0_ where authority0_.ID=?
2024-05-24 01:23:32.876 DEBUG 49208 --- [main] o.h.l.p.b.i.spaces.QuerySpacesImpl       : Adding QuerySpace : uid = <gen:0> -> org.hibernate.loader.plan.build.internal.spaces.EntityQuerySpaceImpl@234ce7ff]
2024-05-24 01:23:32.876 DEBUG 49208 --- [main] o.h.p.walking.spi.MetamodelGraphWalker   : Visiting attribute path : name
2024-05-24 01:23:32.876 DEBUG 49208 --- [main] lanBuildingAssociationVisitationStrategy : Building LoadPlan...
2024-05-24 01:23:32.877 DEBUG 49208 --- [main] h.l.p.e.i.LoadQueryJoinAndFetchProcessor : processing queryspace <gen:0>
2024-05-24 01:23:32.877 DEBUG 49208 --- [main] o.h.l.p.build.spi.LoadPlanTreePrinter    : LoadPlan(entity=com.myapplication.model.Authority)
    - Returns
       - EntityReturnImpl(entity=com.myapplication.model.Authority, querySpaceUid=<gen:0>, path=com.myapplication.model.Authority)
    - QuerySpaces
       - EntityQuerySpaceImpl(uid=<gen:0>, entity=com.myapplication.model.Authority)
          - SQL table alias mapping - authority0_
          - alias suffix - 0_
          - suffixed key columns - {id1_0_0_}

2024-05-24 01:23:32.877 DEBUG 49208 --- [main] o.h.loader.entity.plan.EntityLoader      : Static select for entity com.myapplication.model.Authority [READ]: select authority0_.ID as id1_0_0_, authority0_.NAME as name2_0_0_ from AUTHORITY authority0_ where authority0_.ID=?
2024-05-24 01:23:32.888 DEBUG 49208 --- [main] org.hibernate.loader.Loader              : Static select for action ACTION_MERGE on entity com.myapplication.model.Authority: select authority0_.ID as id1_0_0_, authority0_.NAME as name2_0_0_ from AUTHORITY authority0_ where authority0_.ID=?
2024-05-24 01:23:32.888 DEBUG 49208 --- [main] org.hibernate.loader.Loader              : Static select for action ACTION_REFRESH on entity com.myapplication.model.Authority: select authority0_.ID as id1_0_0_, authority0_.NAME as name2_0_0_ from AUTHORITY authority0_ where authority0_.ID=?
2024-05-24 01:23:32.889 DEBUG 49208 --- [main] o.h.p.entity.AbstractEntityPersister     : Static SQL for entity: com.myapplication.model.HousingLocation
2024-05-24 01:23:32.889 DEBUG 49208 --- [main] o.h.p.entity.AbstractEntityPersister     :  Version select: select id from Housing_Location where id =?
2024-05-24 01:23:32.889 DEBUG 49208 --- [main] o.h.p.entity.AbstractEntityPersister     :  Snapshot select: select housingloc_.id, housingloc_.availableUnits as availabl2_2_, housingloc_.city as city3_2_, housingloc_.laundry as laundry4_2_, housingloc_.name as name5_2_, housingloc_.photo as photo6_2_, housingloc_.state as state7_2_, housingloc_.wifi as wifi8_2_ from Housing_Location housingloc_ where housingloc_.id=?
2024-05-24 01:23:32.889 DEBUG 49208 --- [main] o.h.p.entity.AbstractEntityPersister     :  Insert 0: insert into Housing_Location (availableUnits, city, laundry, name, photo, state, wifi, id) values (?, ?, ?, ?, ?, ?, ?, ?)
2024-05-24 01:23:32.889 DEBUG 49208 --- [main] o.h.p.entity.AbstractEntityPersister     :  Update 0: update Housing_Location set availableUnits=?, city=?, laundry=?, name=?, photo=?, state=?, wifi=? where id=?
2024-05-24 01:23:32.889 DEBUG 49208 --- [main] o.h.p.entity.AbstractEntityPersister     :  Delete 0: delete from Housing_Location where id=?
2024-05-24 01:23:32.889 DEBUG 49208 --- [main] o.h.p.entity.AbstractEntityPersister     :  Identity insert: insert into Housing_Location (availableUnits, city, laundry, name, photo, state, wifi) values (?, ?, ?, ?, ?, ?, ?)
2024-05-24 01:23:32.889 DEBUG 49208 --- [main] o.h.l.p.b.i.spaces.QuerySpacesImpl       : Adding QuerySpace : uid = <gen:0> -> org.hibernate.loader.plan.build.internal.spaces.EntityQuerySpaceImpl@42ebece0]
2024-05-24 01:23:32.889 DEBUG 49208 --- [main] o.h.p.walking.spi.MetamodelGraphWalker   : Visiting attribute path : availableUnits
2024-05-24 01:23:32.889 DEBUG 49208 --- [main] o.h.p.walking.spi.MetamodelGraphWalker   : Visiting attribute path : city
2024-05-24 01:23:32.889 DEBUG 49208 --- [main] o.h.p.walking.spi.MetamodelGraphWalker   : Visiting attribute path : laundry
2024-05-24 01:23:32.889 DEBUG 49208 --- [main] o.h.p.walking.spi.MetamodelGraphWalker   : Visiting attribute path : name
2024-05-24 01:23:32.889 DEBUG 49208 --- [main] o.h.p.walking.spi.MetamodelGraphWalker   : Visiting attribute path : photo
2024-05-24 01:23:32.889 DEBUG 49208 --- [main] o.h.p.walking.spi.MetamodelGraphWalker   : Visiting attribute path : state
2024-05-24 01:23:32.889 DEBUG 49208 --- [main] o.h.p.walking.spi.MetamodelGraphWalker   : Visiting attribute path : wifi
2024-05-24 01:23:32.889 DEBUG 49208 --- [main] lanBuildingAssociationVisitationStrategy : Building LoadPlan...
2024-05-24 01:23:32.889 DEBUG 49208 --- [main] h.l.p.e.i.LoadQueryJoinAndFetchProcessor : processing queryspace <gen:0>
2024-05-24 01:23:32.889 DEBUG 49208 --- [main] o.h.l.p.build.spi.LoadPlanTreePrinter    : LoadPlan(entity=com.myapplication.model.HousingLocation)
    - Returns
       - EntityReturnImpl(entity=com.myapplication.model.HousingLocation, querySpaceUid=<gen:0>, path=com.myapplication.model.HousingLocation)
    - QuerySpaces
       - EntityQuerySpaceImpl(uid=<gen:0>, entity=com.myapplication.model.HousingLocation)
          - SQL table alias mapping - housingloc0_
          - alias suffix - 0_
          - suffixed key columns - {id1_2_0_}

2024-05-24 01:23:32.890 DEBUG 49208 --- [main] o.h.loader.entity.plan.EntityLoader      : Static select for entity com.myapplication.model.HousingLocation [NONE]: select housingloc0_.id as id1_2_0_, housingloc0_.availableUnits as availabl2_2_0_, housingloc0_.city as city3_2_0_, housingloc0_.laundry as laundry4_2_0_, housingloc0_.name as name5_2_0_, housingloc0_.photo as photo6_2_0_, housingloc0_.state as state7_2_0_, housingloc0_.wifi as wifi8_2_0_ from Housing_Location housingloc0_ where housingloc0_.id=?
2024-05-24 01:23:32.890 DEBUG 49208 --- [main] o.h.l.p.b.i.spaces.QuerySpacesImpl       : Adding QuerySpace : uid = <gen:0> -> org.hibernate.loader.plan.build.internal.spaces.EntityQuerySpaceImpl@341964d0]
2024-05-24 01:23:32.890 DEBUG 49208 --- [main] o.h.p.walking.spi.MetamodelGraphWalker   : Visiting attribute path : availableUnits
2024-05-24 01:23:32.890 DEBUG 49208 --- [main] o.h.p.walking.spi.MetamodelGraphWalker   : Visiting attribute path : city
2024-05-24 01:23:32.890 DEBUG 49208 --- [main] o.h.p.walking.spi.MetamodelGraphWalker   : Visiting attribute path : laundry
2024-05-24 01:23:32.890 DEBUG 49208 --- [main] o.h.p.walking.spi.MetamodelGraphWalker   : Visiting attribute path : name
2024-05-24 01:23:32.890 DEBUG 49208 --- [main] o.h.p.walking.spi.MetamodelGraphWalker   : Visiting attribute path : photo
2024-05-24 01:23:32.890 DEBUG 49208 --- [main] o.h.p.walking.spi.MetamodelGraphWalker   : Visiting attribute path : state
2024-05-24 01:23:32.890 DEBUG 49208 --- [main] o.h.p.walking.spi.MetamodelGraphWalker   : Visiting attribute path : wifi
2024-05-24 01:23:32.890 DEBUG 49208 --- [main] lanBuildingAssociationVisitationStrategy : Building LoadPlan...
2024-05-24 01:23:32.890 DEBUG 49208 --- [main] h.l.p.e.i.LoadQueryJoinAndFetchProcessor : processing queryspace <gen:0>
2024-05-24 01:23:32.890 DEBUG 49208 --- [main] o.h.l.p.build.spi.LoadPlanTreePrinter    : LoadPlan(entity=com.myapplication.model.HousingLocation)
    - Returns
       - EntityReturnImpl(entity=com.myapplication.model.HousingLocation, querySpaceUid=<gen:0>, path=com.myapplication.model.HousingLocation)
    - QuerySpaces
       - EntityQuerySpaceImpl(uid=<gen:0>, entity=com.myapplication.model.HousingLocation)
          - SQL table alias mapping - housingloc0_
          - alias suffix - 0_
          - suffixed key columns - {id1_2_0_}

2024-05-24 01:23:32.890 DEBUG 49208 --- [main] o.h.loader.entity.plan.EntityLoader      : Static select for entity com.myapplication.model.HousingLocation [READ]: select housingloc0_.id as id1_2_0_, housingloc0_.availableUnits as availabl2_2_0_, housingloc0_.city as city3_2_0_, housingloc0_.laundry as laundry4_2_0_, housingloc0_.name as name5_2_0_, housingloc0_.photo as photo6_2_0_, housingloc0_.state as state7_2_0_, housingloc0_.wifi as wifi8_2_0_ from Housing_Location housingloc0_ where housingloc0_.id=?
2024-05-24 01:23:32.891 DEBUG 49208 --- [main] org.hibernate.loader.Loader              : Static select for action ACTION_MERGE on entity com.myapplication.model.HousingLocation: select housingloc0_.id as id1_2_0_, housingloc0_.availableUnits as availabl2_2_0_, housingloc0_.city as city3_2_0_, housingloc0_.laundry as laundry4_2_0_, housingloc0_.name as name5_2_0_, housingloc0_.photo as photo6_2_0_, housingloc0_.state as state7_2_0_, housingloc0_.wifi as wifi8_2_0_ from Housing_Location housingloc0_ where housingloc0_.id=?
2024-05-24 01:23:32.891 DEBUG 49208 --- [main] org.hibernate.loader.Loader              : Static select for action ACTION_REFRESH on entity com.myapplication.model.HousingLocation: select housingloc0_.id as id1_2_0_, housingloc0_.availableUnits as availabl2_2_0_, housingloc0_.city as city3_2_0_, housingloc0_.laundry as laundry4_2_0_, housingloc0_.name as name5_2_0_, housingloc0_.photo as photo6_2_0_, housingloc0_.state as state7_2_0_, housingloc0_.wifi as wifi8_2_0_ from Housing_Location housingloc0_ where housingloc0_.id=?
2024-05-24 01:23:32.891 DEBUG 49208 --- [main] o.h.p.entity.AbstractEntityPersister     : Static SQL for entity: com.myapplication.model.Customer
2024-05-24 01:23:32.891 DEBUG 49208 --- [main] o.h.p.entity.AbstractEntityPersister     :  Version select: select id from customer where id =?
2024-05-24 01:23:32.891 DEBUG 49208 --- [main] o.h.p.entity.AbstractEntityPersister     :  Snapshot select: select customer_.id, customer_.cellphone as cellphon2_1_, customer_.city as city3_1_, customer_.email as email4_1_, customer_.name as name5_1_, customer_.photo as photo6_1_, customer_.publication_id as publicat8_1_, customer_.state as state7_1_ from customer customer_ where customer_.id=?
2024-05-24 01:23:32.891 DEBUG 49208 --- [main] o.h.p.entity.AbstractEntityPersister     :  Insert 0: insert into customer (cellphone, city, email, name, photo, publication_id, state, id) values (?, ?, ?, ?, ?, ?, ?, ?)
2024-05-24 01:23:32.891 DEBUG 49208 --- [main] o.h.p.entity.AbstractEntityPersister     :  Update 0: update customer set cellphone=?, city=?, email=?, name=?, photo=?, publication_id=?, state=? where id=?
2024-05-24 01:23:32.891 DEBUG 49208 --- [main] o.h.p.entity.AbstractEntityPersister     :  Delete 0: delete from customer where id=?
2024-05-24 01:23:32.891 DEBUG 49208 --- [main] o.h.p.entity.AbstractEntityPersister     :  Identity insert: insert into customer (cellphone, city, email, name, photo, publication_id, state) values (?, ?, ?, ?, ?, ?, ?)
2024-05-24 01:23:32.891 DEBUG 49208 --- [main] o.h.l.p.b.i.spaces.QuerySpacesImpl       : Adding QuerySpace : uid = <gen:0> -> org.hibernate.loader.plan.build.internal.spaces.EntityQuerySpaceImpl@4ca4f762]
2024-05-24 01:23:32.891 DEBUG 49208 --- [main] o.h.p.walking.spi.MetamodelGraphWalker   : Visiting attribute path : cellphone
2024-05-24 01:23:32.891 DEBUG 49208 --- [main] o.h.p.walking.spi.MetamodelGraphWalker   : Visiting attribute path : city
2024-05-24 01:23:32.891 DEBUG 49208 --- [main] o.h.p.walking.spi.MetamodelGraphWalker   : Visiting attribute path : email
2024-05-24 01:23:32.891 DEBUG 49208 --- [main] o.h.p.walking.spi.MetamodelGraphWalker   : Visiting attribute path : name
2024-05-24 01:23:32.891 DEBUG 49208 --- [main] o.h.p.walking.spi.MetamodelGraphWalker   : Visiting attribute path : photo
2024-05-24 01:23:32.891 DEBUG 49208 --- [main] o.h.p.walking.spi.MetamodelGraphWalker   : Visiting attribute path : publication
2024-05-24 01:23:32.895 DEBUG 49208 --- [main] o.h.l.p.b.i.spaces.QuerySpacesImpl       : Adding QuerySpace : uid = <gen:1> -> org.hibernate.loader.plan.build.internal.spaces.EntityQuerySpaceImpl@2b19b346]
2024-05-24 01:23:32.896 DEBUG 49208 --- [main] o.h.p.walking.spi.MetamodelGraphWalker   : Visiting attribute path : publication.agency
2024-05-24 01:23:32.896 DEBUG 49208 --- [main] o.h.p.walking.spi.MetamodelGraphWalker   : Visiting attribute path : publication.availableUnits
2024-05-24 01:23:32.896 DEBUG 49208 --- [main] o.h.p.walking.spi.MetamodelGraphWalker   : Visiting attribute path : publication.carName
2024-05-24 01:23:32.896 DEBUG 49208 --- [main] o.h.p.walking.spi.MetamodelGraphWalker   : Visiting attribute path : publication.location
2024-05-24 01:23:32.896 DEBUG 49208 --- [main] o.h.p.walking.spi.MetamodelGraphWalker   : Visiting attribute path : publication.photo
2024-05-24 01:23:32.896 DEBUG 49208 --- [main] o.h.p.walking.spi.MetamodelGraphWalker   : Visiting attribute path : publication.price
2024-05-24 01:23:32.897 DEBUG 49208 --- [main] o.h.p.walking.spi.MetamodelGraphWalker   : Visiting attribute path : state
2024-05-24 01:23:32.897 DEBUG 49208 --- [main] lanBuildingAssociationVisitationStrategy : Building LoadPlan...
2024-05-24 01:23:32.897 DEBUG 49208 --- [main] h.l.p.e.i.LoadQueryJoinAndFetchProcessor : processing queryspace <gen:0>
2024-05-24 01:23:32.897 DEBUG 49208 --- [main] o.h.l.p.build.spi.LoadPlanTreePrinter    : LoadPlan(entity=com.myapplication.model.Customer)
    - Returns
       - EntityReturnImpl(entity=com.myapplication.model.Customer, querySpaceUid=<gen:0>, path=com.myapplication.model.Customer)
          - EntityAttributeFetchImpl(entity=com.myapplication.model.Publication, querySpaceUid=<gen:1>, path=com.myapplication.model.Customer.publication)
    - QuerySpaces
       - EntityQuerySpaceImpl(uid=<gen:0>, entity=com.myapplication.model.Customer)
          - SQL table alias mapping - customer0_
          - alias suffix - 0_
          - suffixed key columns - {id1_1_0_}
          - JOIN (JoinDefinedByMetadata(publication)) : <gen:0> -> <gen:1>
             - EntityQuerySpaceImpl(uid=<gen:1>, entity=com.myapplication.model.Publication)
                - SQL table alias mapping - publicatio1_
                - alias suffix - 1_
                - suffixed key columns - {id1_3_1_}

2024-05-24 01:23:32.897 DEBUG 49208 --- [main] o.h.loader.entity.plan.EntityLoader      : Static select for entity com.myapplication.model.Customer [NONE]: select customer0_.id as id1_1_0_, customer0_.cellphone as cellphon2_1_0_, customer0_.city as city3_1_0_, customer0_.email as email4_1_0_, customer0_.name as name5_1_0_, customer0_.photo as photo6_1_0_, customer0_.publication_id as publicat8_1_0_, customer0_.state as state7_1_0_, publicatio1_.id as id1_3_1_, publicatio1_.agency as agency2_3_1_, publicatio1_.availableUnits as availabl3_3_1_, publicatio1_.carName as carname4_3_1_, publicatio1_.location as location5_3_1_, publicatio1_.photo as photo6_3_1_, publicatio1_.price as price7_3_1_ from customer customer0_ left outer join publication publicatio1_ on customer0_.publication_id=publicatio1_.id where customer0_.id=?
2024-05-24 01:23:32.898 DEBUG 49208 --- [main] o.h.l.p.b.i.spaces.QuerySpacesImpl       : Adding QuerySpace : uid = <gen:0> -> org.hibernate.loader.plan.build.internal.spaces.EntityQuerySpaceImpl@1b9c716f]
2024-05-24 01:23:32.898 DEBUG 49208 --- [main] o.h.p.walking.spi.MetamodelGraphWalker   : Visiting attribute path : cellphone
2024-05-24 01:23:32.898 DEBUG 49208 --- [main] o.h.p.walking.spi.MetamodelGraphWalker   : Visiting attribute path : city
2024-05-24 01:23:32.898 DEBUG 49208 --- [main] o.h.p.walking.spi.MetamodelGraphWalker   : Visiting attribute path : email
2024-05-24 01:23:32.898 DEBUG 49208 --- [main] o.h.p.walking.spi.MetamodelGraphWalker   : Visiting attribute path : name
2024-05-24 01:23:32.898 DEBUG 49208 --- [main] o.h.p.walking.spi.MetamodelGraphWalker   : Visiting attribute path : photo
2024-05-24 01:23:32.898 DEBUG 49208 --- [main] o.h.p.walking.spi.MetamodelGraphWalker   : Visiting attribute path : publication
2024-05-24 01:23:32.898 DEBUG 49208 --- [main] o.h.l.p.b.i.spaces.QuerySpacesImpl       : Adding QuerySpace : uid = <gen:1> -> org.hibernate.loader.plan.build.internal.spaces.EntityQuerySpaceImpl@33f2cf82]
2024-05-24 01:23:32.898 DEBUG 49208 --- [main] o.h.p.walking.spi.MetamodelGraphWalker   : Visiting attribute path : publication.agency
2024-05-24 01:23:32.898 DEBUG 49208 --- [main] o.h.p.walking.spi.MetamodelGraphWalker   : Visiting attribute path : publication.availableUnits
2024-05-24 01:23:32.898 DEBUG 49208 --- [main] o.h.p.walking.spi.MetamodelGraphWalker   : Visiting attribute path : publication.carName
2024-05-24 01:23:32.898 DEBUG 49208 --- [main] o.h.p.walking.spi.MetamodelGraphWalker   : Visiting attribute path : publication.location
2024-05-24 01:23:32.898 DEBUG 49208 --- [main] o.h.p.walking.spi.MetamodelGraphWalker   : Visiting attribute path : publication.photo
2024-05-24 01:23:32.898 DEBUG 49208 --- [main] o.h.p.walking.spi.MetamodelGraphWalker   : Visiting attribute path : publication.price
2024-05-24 01:23:32.898 DEBUG 49208 --- [main] o.h.p.walking.spi.MetamodelGraphWalker   : Visiting attribute path : state
2024-05-24 01:23:32.898 DEBUG 49208 --- [main] lanBuildingAssociationVisitationStrategy : Building LoadPlan...
2024-05-24 01:23:32.898 DEBUG 49208 --- [main] h.l.p.e.i.LoadQueryJoinAndFetchProcessor : processing queryspace <gen:0>
2024-05-24 01:23:32.900 DEBUG 49208 --- [main] o.h.l.p.build.spi.LoadPlanTreePrinter    : LoadPlan(entity=com.myapplication.model.Customer)
    - Returns
       - EntityReturnImpl(entity=com.myapplication.model.Customer, querySpaceUid=<gen:0>, path=com.myapplication.model.Customer)
          - EntityAttributeFetchImpl(entity=com.myapplication.model.Publication, querySpaceUid=<gen:1>, path=com.myapplication.model.Customer.publication)
    - QuerySpaces
       - EntityQuerySpaceImpl(uid=<gen:0>, entity=com.myapplication.model.Customer)
          - SQL table alias mapping - customer0_
          - alias suffix - 0_
          - suffixed key columns - {id1_1_0_}
          - JOIN (JoinDefinedByMetadata(publication)) : <gen:0> -> <gen:1>
             - EntityQuerySpaceImpl(uid=<gen:1>, entity=com.myapplication.model.Publication)
                - SQL table alias mapping - publicatio1_
                - alias suffix - 1_
                - suffixed key columns - {id1_3_1_}

2024-05-24 01:23:32.900 DEBUG 49208 --- [main] o.h.loader.entity.plan.EntityLoader      : Static select for entity com.myapplication.model.Customer [READ]: select customer0_.id as id1_1_0_, customer0_.cellphone as cellphon2_1_0_, customer0_.city as city3_1_0_, customer0_.email as email4_1_0_, customer0_.name as name5_1_0_, customer0_.photo as photo6_1_0_, customer0_.publication_id as publicat8_1_0_, customer0_.state as state7_1_0_, publicatio1_.id as id1_3_1_, publicatio1_.agency as agency2_3_1_, publicatio1_.availableUnits as availabl3_3_1_, publicatio1_.carName as carname4_3_1_, publicatio1_.location as location5_3_1_, publicatio1_.photo as photo6_3_1_, publicatio1_.price as price7_3_1_ from customer customer0_ left outer join publication publicatio1_ on customer0_.publication_id=publicatio1_.id where customer0_.id=?
2024-05-24 01:23:32.900 DEBUG 49208 --- [main] org.hibernate.loader.Loader              : Static select for action ACTION_MERGE on entity com.myapplication.model.Customer: select customer0_.id as id1_1_0_, customer0_.cellphone as cellphon2_1_0_, customer0_.city as city3_1_0_, customer0_.email as email4_1_0_, customer0_.name as name5_1_0_, customer0_.photo as photo6_1_0_, customer0_.publication_id as publicat8_1_0_, customer0_.state as state7_1_0_ from customer customer0_ where customer0_.id=?
2024-05-24 01:23:32.900 DEBUG 49208 --- [main] org.hibernate.loader.Loader              : Static select for action ACTION_REFRESH on entity com.myapplication.model.Customer: select customer0_.id as id1_1_0_, customer0_.cellphone as cellphon2_1_0_, customer0_.city as city3_1_0_, customer0_.email as email4_1_0_, customer0_.name as name5_1_0_, customer0_.photo as photo6_1_0_, customer0_.publication_id as publicat8_1_0_, customer0_.state as state7_1_0_ from customer customer0_ where customer0_.id=?
2024-05-24 01:23:32.900 DEBUG 49208 --- [main] o.h.p.entity.AbstractEntityPersister     : Static SQL for entity: com.myapplication.model.Publication
2024-05-24 01:23:32.900 DEBUG 49208 --- [main] o.h.p.entity.AbstractEntityPersister     :  Version select: select id from publication where id =?
2024-05-24 01:23:32.900 DEBUG 49208 --- [main] o.h.p.entity.AbstractEntityPersister     :  Snapshot select: select publicatio_.id, publicatio_.agency as agency2_3_, publicatio_.availableUnits as availabl3_3_, publicatio_.carName as carname4_3_, publicatio_.location as location5_3_, publicatio_.photo as photo6_3_, publicatio_.price as price7_3_ from publication publicatio_ where publicatio_.id=?
2024-05-24 01:23:32.900 DEBUG 49208 --- [main] o.h.p.entity.AbstractEntityPersister     :  Insert 0: insert into publication (agency, availableUnits, carName, location, photo, price, id) values (?, ?, ?, ?, ?, ?, ?)
2024-05-24 01:23:32.900 DEBUG 49208 --- [main] o.h.p.entity.AbstractEntityPersister     :  Update 0: update publication set agency=?, availableUnits=?, carName=?, location=?, photo=?, price=? where id=?
2024-05-24 01:23:32.900 DEBUG 49208 --- [main] o.h.p.entity.AbstractEntityPersister     :  Delete 0: delete from publication where id=?
2024-05-24 01:23:32.900 DEBUG 49208 --- [main] o.h.p.entity.AbstractEntityPersister     :  Identity insert: insert into publication (agency, availableUnits, carName, location, photo, price) values (?, ?, ?, ?, ?, ?)
2024-05-24 01:23:32.900 DEBUG 49208 --- [main] o.h.l.p.b.i.spaces.QuerySpacesImpl       : Adding QuerySpace : uid = <gen:0> -> org.hibernate.loader.plan.build.internal.spaces.EntityQuerySpaceImpl@73852720]
2024-05-24 01:23:32.900 DEBUG 49208 --- [main] o.h.p.walking.spi.MetamodelGraphWalker   : Visiting attribute path : agency
2024-05-24 01:23:32.901 DEBUG 49208 --- [main] o.h.p.walking.spi.MetamodelGraphWalker   : Visiting attribute path : availableUnits
2024-05-24 01:23:32.901 DEBUG 49208 --- [main] o.h.p.walking.spi.MetamodelGraphWalker   : Visiting attribute path : carName
2024-05-24 01:23:32.901 DEBUG 49208 --- [main] o.h.p.walking.spi.MetamodelGraphWalker   : Visiting attribute path : location
2024-05-24 01:23:32.901 DEBUG 49208 --- [main] o.h.p.walking.spi.MetamodelGraphWalker   : Visiting attribute path : photo
2024-05-24 01:23:32.901 DEBUG 49208 --- [main] o.h.p.walking.spi.MetamodelGraphWalker   : Visiting attribute path : price
2024-05-24 01:23:32.901 DEBUG 49208 --- [main] lanBuildingAssociationVisitationStrategy : Building LoadPlan...
2024-05-24 01:23:32.901 DEBUG 49208 --- [main] h.l.p.e.i.LoadQueryJoinAndFetchProcessor : processing queryspace <gen:0>
2024-05-24 01:23:32.901 DEBUG 49208 --- [main] o.h.l.p.build.spi.LoadPlanTreePrinter    : LoadPlan(entity=com.myapplication.model.Publication)
    - Returns
       - EntityReturnImpl(entity=com.myapplication.model.Publication, querySpaceUid=<gen:0>, path=com.myapplication.model.Publication)
    - QuerySpaces
       - EntityQuerySpaceImpl(uid=<gen:0>, entity=com.myapplication.model.Publication)
          - SQL table alias mapping - publicatio0_
          - alias suffix - 0_
          - suffixed key columns - {id1_3_0_}

2024-05-24 01:23:32.901 DEBUG 49208 --- [main] o.h.loader.entity.plan.EntityLoader      : Static select for entity com.myapplication.model.Publication [NONE]: select publicatio0_.id as id1_3_0_, publicatio0_.agency as agency2_3_0_, publicatio0_.availableUnits as availabl3_3_0_, publicatio0_.carName as carname4_3_0_, publicatio0_.location as location5_3_0_, publicatio0_.photo as photo6_3_0_, publicatio0_.price as price7_3_0_ from publication publicatio0_ where publicatio0_.id=?
2024-05-24 01:23:32.901 DEBUG 49208 --- [main] o.h.l.p.b.i.spaces.QuerySpacesImpl       : Adding QuerySpace : uid = <gen:0> -> org.hibernate.loader.plan.build.internal.spaces.EntityQuerySpaceImpl@7ae0a26]
2024-05-24 01:23:32.901 DEBUG 49208 --- [main] o.h.p.walking.spi.MetamodelGraphWalker   : Visiting attribute path : agency
2024-05-24 01:23:32.901 DEBUG 49208 --- [main] o.h.p.walking.spi.MetamodelGraphWalker   : Visiting attribute path : availableUnits
2024-05-24 01:23:32.901 DEBUG 49208 --- [main] o.h.p.walking.spi.MetamodelGraphWalker   : Visiting attribute path : carName
2024-05-24 01:23:32.901 DEBUG 49208 --- [main] o.h.p.walking.spi.MetamodelGraphWalker   : Visiting attribute path : location
2024-05-24 01:23:32.901 DEBUG 49208 --- [main] o.h.p.walking.spi.MetamodelGraphWalker   : Visiting attribute path : photo
2024-05-24 01:23:32.901 DEBUG 49208 --- [main] o.h.p.walking.spi.MetamodelGraphWalker   : Visiting attribute path : price
2024-05-24 01:23:32.901 DEBUG 49208 --- [main] lanBuildingAssociationVisitationStrategy : Building LoadPlan...
2024-05-24 01:23:32.902 DEBUG 49208 --- [main] h.l.p.e.i.LoadQueryJoinAndFetchProcessor : processing queryspace <gen:0>
2024-05-24 01:23:32.902 DEBUG 49208 --- [main] o.h.l.p.build.spi.LoadPlanTreePrinter    : LoadPlan(entity=com.myapplication.model.Publication)
    - Returns
       - EntityReturnImpl(entity=com.myapplication.model.Publication, querySpaceUid=<gen:0>, path=com.myapplication.model.Publication)
    - QuerySpaces
       - EntityQuerySpaceImpl(uid=<gen:0>, entity=com.myapplication.model.Publication)
          - SQL table alias mapping - publicatio0_
          - alias suffix - 0_
          - suffixed key columns - {id1_3_0_}

2024-05-24 01:23:32.902 DEBUG 49208 --- [main] o.h.loader.entity.plan.EntityLoader      : Static select for entity com.myapplication.model.Publication [READ]: select publicatio0_.id as id1_3_0_, publicatio0_.agency as agency2_3_0_, publicatio0_.availableUnits as availabl3_3_0_, publicatio0_.carName as carname4_3_0_, publicatio0_.location as location5_3_0_, publicatio0_.photo as photo6_3_0_, publicatio0_.price as price7_3_0_ from publication publicatio0_ where publicatio0_.id=?
2024-05-24 01:23:32.902 DEBUG 49208 --- [main] org.hibernate.loader.Loader              : Static select for action ACTION_MERGE on entity com.myapplication.model.Publication: select publicatio0_.id as id1_3_0_, publicatio0_.agency as agency2_3_0_, publicatio0_.availableUnits as availabl3_3_0_, publicatio0_.carName as carname4_3_0_, publicatio0_.location as location5_3_0_, publicatio0_.photo as photo6_3_0_, publicatio0_.price as price7_3_0_ from publication publicatio0_ where publicatio0_.id=?
2024-05-24 01:23:32.902 DEBUG 49208 --- [main] org.hibernate.loader.Loader              : Static select for action ACTION_REFRESH on entity com.myapplication.model.Publication: select publicatio0_.id as id1_3_0_, publicatio0_.agency as agency2_3_0_, publicatio0_.availableUnits as availabl3_3_0_, publicatio0_.carName as carname4_3_0_, publicatio0_.location as location5_3_0_, publicatio0_.photo as photo6_3_0_, publicatio0_.price as price7_3_0_ from publication publicatio0_ where publicatio0_.id=?
2024-05-24 01:23:32.902 DEBUG 49208 --- [main] o.h.p.entity.AbstractEntityPersister     : Static SQL for entity: com.myapplication.model.User
2024-05-24 01:23:32.902 DEBUG 49208 --- [main] o.h.p.entity.AbstractEntityPersister     :  Version select: select ID from USER where ID =?
2024-05-24 01:23:32.902 DEBUG 49208 --- [main] o.h.p.entity.AbstractEntityPersister     :  Snapshot select: select user_.ID, user_.ACCOUNT_EXPIRED as account_2_4_, user_.ACCOUNT_LOCKED as account_3_4_, user_.CREDENTIALS_EXPIRED as credenti4_4_, user_.enabled as enabled5_4_, user_.PASSWORD as password6_4_, user_.USER_NAME as user_nam7_4_ from USER user_ where user_.ID=?
2024-05-24 01:23:32.902 DEBUG 49208 --- [main] o.h.p.entity.AbstractEntityPersister     :  Insert 0: insert into USER (ACCOUNT_EXPIRED, ACCOUNT_LOCKED, CREDENTIALS_EXPIRED, enabled, PASSWORD, USER_NAME, ID) values (?, ?, ?, ?, ?, ?, ?)
2024-05-24 01:23:32.902 DEBUG 49208 --- [main] o.h.p.entity.AbstractEntityPersister     :  Update 0: update USER set ACCOUNT_EXPIRED=?, ACCOUNT_LOCKED=?, CREDENTIALS_EXPIRED=?, enabled=?, PASSWORD=?, USER_NAME=? where ID=?
2024-05-24 01:23:32.902 DEBUG 49208 --- [main] o.h.p.entity.AbstractEntityPersister     :  Delete 0: delete from USER where ID=?
2024-05-24 01:23:32.903 DEBUG 49208 --- [main] o.h.p.entity.AbstractEntityPersister     :  Identity insert: insert into USER (ACCOUNT_EXPIRED, ACCOUNT_LOCKED, CREDENTIALS_EXPIRED, enabled, PASSWORD, USER_NAME) values (?, ?, ?, ?, ?, ?)
2024-05-24 01:23:32.903 DEBUG 49208 --- [main] o.h.l.p.b.i.spaces.QuerySpacesImpl       : Adding QuerySpace : uid = <gen:0> -> org.hibernate.loader.plan.build.internal.spaces.EntityQuerySpaceImpl@7b9d1a4]
2024-05-24 01:23:32.903 DEBUG 49208 --- [main] o.h.p.walking.spi.MetamodelGraphWalker   : Visiting attribute path : accountExpired
2024-05-24 01:23:32.903 DEBUG 49208 --- [main] o.h.p.walking.spi.MetamodelGraphWalker   : Visiting attribute path : accountLocked
2024-05-24 01:23:32.903 DEBUG 49208 --- [main] o.h.p.walking.spi.MetamodelGraphWalker   : Visiting attribute path : authorities
2024-05-24 01:23:32.903 DEBUG 49208 --- [main] o.h.l.p.b.i.spaces.QuerySpacesImpl       : Adding QuerySpace : uid = <gen:1> -> org.hibernate.loader.plan.build.internal.spaces.CollectionQuerySpaceImpl@512dc0e0]
2024-05-24 01:23:32.905 DEBUG 49208 --- [main] o.h.l.p.b.i.spaces.QuerySpacesImpl       : Adding QuerySpace : uid = <gen:2> -> org.hibernate.loader.plan.build.internal.spaces.EntityQuerySpaceImpl@6bd2f039]
2024-05-24 01:23:32.906 DEBUG 49208 --- [main] o.h.p.walking.spi.MetamodelGraphWalker   : Visiting attribute path : credentialsExpired
2024-05-24 01:23:32.906 DEBUG 49208 --- [main] o.h.p.walking.spi.MetamodelGraphWalker   : Visiting attribute path : enabled
2024-05-24 01:23:32.906 DEBUG 49208 --- [main] o.h.p.walking.spi.MetamodelGraphWalker   : Visiting attribute path : password
2024-05-24 01:23:32.906 DEBUG 49208 --- [main] o.h.p.walking.spi.MetamodelGraphWalker   : Visiting attribute path : username
2024-05-24 01:23:32.906 DEBUG 49208 --- [main] lanBuildingAssociationVisitationStrategy : Building LoadPlan...
2024-05-24 01:23:32.906 DEBUG 49208 --- [main] h.l.p.e.i.LoadQueryJoinAndFetchProcessor : processing queryspace <gen:0>
2024-05-24 01:23:32.906 DEBUG 49208 --- [main] o.h.l.p.build.spi.LoadPlanTreePrinter    : LoadPlan(entity=com.myapplication.model.User)
    - Returns
       - EntityReturnImpl(entity=com.myapplication.model.User, querySpaceUid=<gen:0>, path=com.myapplication.model.User)
          - CollectionAttributeFetchImpl(collection=com.myapplication.model.User.authorities, querySpaceUid=<gen:1>, path=com.myapplication.model.User.authorities)
             - (collection element) CollectionFetchableElementEntityGraph(entity=com.myapplication.model.Authority, querySpaceUid=<gen:2>, path=com.myapplication.model.User.authorities.<elements>)
    - QuerySpaces
       - EntityQuerySpaceImpl(uid=<gen:0>, entity=com.myapplication.model.User)
          - SQL table alias mapping - user0_
          - alias suffix - 0_
          - suffixed key columns - {id1_4_0_}

2024-05-24 01:23:32.907 DEBUG 49208 --- [main] o.h.loader.entity.plan.EntityLoader      : Static select for entity com.myapplication.model.User [NONE]: select user0_.ID as id1_4_0_, user0_.ACCOUNT_EXPIRED as account_2_4_0_, user0_.ACCOUNT_LOCKED as account_3_4_0_, user0_.CREDENTIALS_EXPIRED as credenti4_4_0_, user0_.enabled as enabled5_4_0_, user0_.PASSWORD as password6_4_0_, user0_.USER_NAME as user_nam7_4_0_ from USER user0_ where user0_.ID=?
2024-05-24 01:23:32.907 DEBUG 49208 --- [main] o.h.l.p.b.i.spaces.QuerySpacesImpl       : Adding QuerySpace : uid = <gen:0> -> org.hibernate.loader.plan.build.internal.spaces.EntityQuerySpaceImpl@75c15f76]
2024-05-24 01:23:32.907 DEBUG 49208 --- [main] o.h.p.walking.spi.MetamodelGraphWalker   : Visiting attribute path : accountExpired
2024-05-24 01:23:32.907 DEBUG 49208 --- [main] o.h.p.walking.spi.MetamodelGraphWalker   : Visiting attribute path : accountLocked
2024-05-24 01:23:32.907 DEBUG 49208 --- [main] o.h.p.walking.spi.MetamodelGraphWalker   : Visiting attribute path : authorities
2024-05-24 01:23:32.907 DEBUG 49208 --- [main] o.h.l.p.b.i.spaces.QuerySpacesImpl       : Adding QuerySpace : uid = <gen:1> -> org.hibernate.loader.plan.build.internal.spaces.CollectionQuerySpaceImpl@1344f7fe]
2024-05-24 01:23:32.907 DEBUG 49208 --- [main] o.h.l.p.b.i.spaces.QuerySpacesImpl       : Adding QuerySpace : uid = <gen:2> -> org.hibernate.loader.plan.build.internal.spaces.EntityQuerySpaceImpl@64d53f0d]
2024-05-24 01:23:32.907 DEBUG 49208 --- [main] o.h.p.walking.spi.MetamodelGraphWalker   : Visiting attribute path : credentialsExpired
2024-05-24 01:23:32.907 DEBUG 49208 --- [main] o.h.p.walking.spi.MetamodelGraphWalker   : Visiting attribute path : enabled
2024-05-24 01:23:32.907 DEBUG 49208 --- [main] o.h.p.walking.spi.MetamodelGraphWalker   : Visiting attribute path : password
2024-05-24 01:23:32.907 DEBUG 49208 --- [main] o.h.p.walking.spi.MetamodelGraphWalker   : Visiting attribute path : username
2024-05-24 01:23:32.907 DEBUG 49208 --- [main] lanBuildingAssociationVisitationStrategy : Building LoadPlan...
2024-05-24 01:23:32.907 DEBUG 49208 --- [main] h.l.p.e.i.LoadQueryJoinAndFetchProcessor : processing queryspace <gen:0>
2024-05-24 01:23:32.908 DEBUG 49208 --- [main] o.h.l.p.build.spi.LoadPlanTreePrinter    : LoadPlan(entity=com.myapplication.model.User)
    - Returns
       - EntityReturnImpl(entity=com.myapplication.model.User, querySpaceUid=<gen:0>, path=com.myapplication.model.User)
          - CollectionAttributeFetchImpl(collection=com.myapplication.model.User.authorities, querySpaceUid=<gen:1>, path=com.myapplication.model.User.authorities)
             - (collection element) CollectionFetchableElementEntityGraph(entity=com.myapplication.model.Authority, querySpaceUid=<gen:2>, path=com.myapplication.model.User.authorities.<elements>)
    - QuerySpaces
       - EntityQuerySpaceImpl(uid=<gen:0>, entity=com.myapplication.model.User)
          - SQL table alias mapping - user0_
          - alias suffix - 0_
          - suffixed key columns - {id1_4_0_}

2024-05-24 01:23:32.908 DEBUG 49208 --- [main] o.h.loader.entity.plan.EntityLoader      : Static select for entity com.myapplication.model.User [READ]: select user0_.ID as id1_4_0_, user0_.ACCOUNT_EXPIRED as account_2_4_0_, user0_.ACCOUNT_LOCKED as account_3_4_0_, user0_.CREDENTIALS_EXPIRED as credenti4_4_0_, user0_.enabled as enabled5_4_0_, user0_.PASSWORD as password6_4_0_, user0_.USER_NAME as user_nam7_4_0_ from USER user0_ where user0_.ID=?
2024-05-24 01:23:32.908 DEBUG 49208 --- [main] org.hibernate.loader.Loader              : Static select for action ACTION_MERGE on entity com.myapplication.model.User: select user0_.ID as id1_4_0_, user0_.ACCOUNT_EXPIRED as account_2_4_0_, user0_.ACCOUNT_LOCKED as account_3_4_0_, user0_.CREDENTIALS_EXPIRED as credenti4_4_0_, user0_.enabled as enabled5_4_0_, user0_.PASSWORD as password6_4_0_, user0_.USER_NAME as user_nam7_4_0_ from USER user0_ where user0_.ID=?
2024-05-24 01:23:32.908 DEBUG 49208 --- [main] org.hibernate.loader.Loader              : Static select for action ACTION_REFRESH on entity com.myapplication.model.User: select user0_.ID as id1_4_0_, user0_.ACCOUNT_EXPIRED as account_2_4_0_, user0_.ACCOUNT_LOCKED as account_3_4_0_, user0_.CREDENTIALS_EXPIRED as credenti4_4_0_, user0_.enabled as enabled5_4_0_, user0_.PASSWORD as password6_4_0_, user0_.USER_NAME as user_nam7_4_0_ from USER user0_ where user0_.ID=?
2024-05-24 01:23:32.911 DEBUG 49208 --- [main] o.h.l.p.b.i.spaces.QuerySpacesImpl       : Adding QuerySpace : uid = <gen:0> -> org.hibernate.loader.plan.build.internal.spaces.CollectionQuerySpaceImpl@3921135e]
2024-05-24 01:23:32.912 DEBUG 49208 --- [main] o.h.l.p.b.i.spaces.QuerySpacesImpl       : Adding QuerySpace : uid = <gen:1> -> org.hibernate.loader.plan.build.internal.spaces.EntityQuerySpaceImpl@3a239dac]
2024-05-24 01:23:32.912 DEBUG 49208 --- [main] o.h.p.walking.spi.MetamodelGraphWalker   : Visiting attribute path : name
2024-05-24 01:23:32.912 DEBUG 49208 --- [main] lanBuildingAssociationVisitationStrategy : Building LoadPlan...
2024-05-24 01:23:32.916 DEBUG 49208 --- [main] h.l.p.e.i.LoadQueryJoinAndFetchProcessor : processing queryspace <gen:0>
2024-05-24 01:23:32.917 DEBUG 49208 --- [main] o.h.l.p.build.spi.LoadPlanTreePrinter    : LoadPlan(collection=com.myapplication.model.User.authorities)
    - Returns
       - CollectionReturnImpl(collection=com.myapplication.model.User.authorities, querySpaceUid=<gen:0>, path=[com.myapplication.model.User.authorities])
          - (collection element) CollectionFetchableElementEntityGraph(entity=com.myapplication.model.Authority, querySpaceUid=<gen:1>, path=[com.myapplication.model.User.authorities].<elements>)
    - QuerySpaces
       - CollectionQuerySpaceImpl(uid=<gen:0>, collection=com.myapplication.model.User.authorities)
          - SQL table alias mapping - authoritie0_
          - alias suffix - 0_
          - suffixed key columns - {user_id1_5_0_}
          - entity-element alias suffix - 1_
          - 1_entity-element suffixed key columns - id1_0_1_
          - JOIN (JoinDefinedByMetadata(elements)) : <gen:0> -> <gen:1>
             - EntityQuerySpaceImpl(uid=<gen:1>, entity=com.myapplication.model.Authority)
                - SQL table alias mapping - authority1_
                - alias suffix - 1_
                - suffixed key columns - {id1_0_1_}

2024-05-24 01:23:32.917 DEBUG 49208 --- [main] o.h.l.collection.plan.CollectionLoader   : Static select for collection com.myapplication.model.User.authorities: select authoritie0_.USER_ID as user_id1_5_0_, authoritie0_.AUTHORITY_ID as authorit2_5_0_, authority1_.ID as id1_0_1_, authority1_.NAME as name2_0_1_ from USERS_AUTHORITIES authoritie0_ inner join AUTHORITY authority1_ on authoritie0_.AUTHORITY_ID=authority1_.ID where authoritie0_.USER_ID=? order by authority1_.ID asc
2024-05-24 01:23:33.080 DEBUG 49208 --- [main] org.hibernate.mapping.Table              : No alter strings for table : AUTHORITY
2024-05-24 01:23:33.080 DEBUG 49208 --- [main] org.hibernate.mapping.Table              : No alter strings for table : customer
2024-05-24 01:23:33.080 DEBUG 49208 --- [main] org.hibernate.mapping.Table              : No alter strings for table : Housing_Location
2024-05-24 01:23:33.081 DEBUG 49208 --- [main] org.hibernate.mapping.Table              : No alter strings for table : publication
2024-05-24 01:23:33.081 DEBUG 49208 --- [main] org.hibernate.mapping.Table              : No alter strings for table : USER
2024-05-24 01:23:33.081 DEBUG 49208 --- [main] org.hibernate.mapping.Table              : No alter strings for table : USERS_AUTHORITIES
2024-05-24 01:23:33.165 DEBUG 49208 --- [main] o.h.e.t.j.p.i.JtaPlatformInitiator       : No JtaPlatform was specified, checking resolver
2024-05-24 01:23:33.166 DEBUG 49208 --- [main] h.e.t.j.p.i.JtaPlatformResolverInitiator : No JtaPlatformResolver was specified, using default [org.hibernate.engine.transaction.jta.platform.internal.StandardJtaPlatformResolver]
2024-05-24 01:23:33.175 DEBUG 49208 --- [main] .h.e.t.j.p.i.StandardJtaPlatformResolver : Could not resolve JtaPlatform, using default [org.hibernate.engine.transaction.jta.platform.internal.NoJtaPlatform]
2024-05-24 01:23:33.175  INFO 49208 --- [main] o.h.e.t.j.p.i.JtaPlatformInitiator       : HHH000490: Using JtaPlatform implementation: [org.hibernate.engine.transaction.jta.platform.internal.NoJtaPlatform]
2024-05-24 01:23:33.176 DEBUG 49208 --- [main] o.h.query.spi.NamedQueryRepository       : Checking 0 named HQL queries
2024-05-24 01:23:33.176 DEBUG 49208 --- [main] o.h.query.spi.NamedQueryRepository       : Checking 0 named SQL queries
2024-05-24 01:23:33.186 DEBUG 49208 --- [main] o.h.internal.SessionFactoryRegistry      : Initializing SessionFactoryRegistry : org.hibernate.internal.SessionFactoryRegistry@14eb96e9
2024-05-24 01:23:33.186 DEBUG 49208 --- [main] o.h.internal.SessionFactoryRegistry      : Registering SessionFactory: 79603c16-55c2-46d7-b50b-63b292f00115 (<unnamed>)
2024-05-24 01:23:33.186 DEBUG 49208 --- [main] o.h.internal.SessionFactoryRegistry      : Not binding SessionFactory to JNDI, no JNDI name configured
2024-05-24 01:23:33.279 DEBUG 49208 --- [main] .PrePostAnnotationSecurityMetadataSource : @org.springframework.security.access.prepost.PreAuthorize("hasAuthority(\'ADMIN_USER\')") found on specific method: public java.util.List com.myapplication.util.BaseController.findAll()
2024-05-24 01:23:33.314 DEBUG 49208 --- [main] m.DelegatingMethodSecurityMetadataSource : Caching method [CacheKey[com.myapplication.controller.CustomerController; public java.util.List com.myapplication.util.BaseController.findAll()]] with attributes [[authorize: 'hasAuthority('ADMIN_USER')', filter: 'null', filterTarget: 'null']]
2024-05-24 01:23:33.333 DEBUG 49208 --- [main] o.s.s.a.i.a.MethodSecurityInterceptor    : Validated configuration attributes
2024-05-24 01:23:33.338 DEBUG 49208 --- [main] .PrePostAnnotationSecurityMetadataSource : @org.springframework.security.access.prepost.PreAuthorize("hasAuthority(\'ADMIN_USER\')") found on specific method: public java.util.List com.myapplication.util.BaseController.findAll()
2024-05-24 01:23:33.338 DEBUG 49208 --- [main] m.DelegatingMethodSecurityMetadataSource : Caching method [CacheKey[com.myapplication.controller.HousingLocationController; public java.util.List com.myapplication.util.BaseController.findAll()]] with attributes [[authorize: 'hasAuthority('ADMIN_USER')', filter: 'null', filterTarget: 'null']]
2024-05-24 01:23:33.380 DEBUG 49208 --- [main] .PrePostAnnotationSecurityMetadataSource : @org.springframework.security.access.prepost.PreAuthorize("hasAuthority(\'ADMIN_USER\')") found on specific method: public java.util.List com.myapplication.util.BaseController.findAll()
2024-05-24 01:23:33.380 DEBUG 49208 --- [main] m.DelegatingMethodSecurityMetadataSource : Caching method [CacheKey[com.myapplication.controller.PublicationController; public java.util.List com.myapplication.util.BaseController.findAll()]] with attributes [[authorize: 'hasAuthority('ADMIN_USER')', filter: 'null', filterTarget: 'null']]
2024-05-24 01:23:33.952  INFO 49208 --- [main] o.s.s.web.DefaultSecurityFilterChain     : Creating filter chain: OrRequestMatcher [requestMatchers=[Ant [pattern='/oauth/token'], Ant [pattern='/oauth/token_key'], Ant [pattern='/oauth/check_token']]], [org.springframework.security.web.context.request.async.WebAsyncManagerIntegrationFilter@63d75087, org.springframework.security.web.context.SecurityContextPersistenceFilter@31e84f10, org.springframework.security.web.header.HeaderWriterFilter@70a24463, org.springframework.security.web.authentication.logout.LogoutFilter@406decb2, org.springframework.security.web.authentication.www.BasicAuthenticationFilter@4d6027be, org.springframework.security.web.savedrequest.RequestCacheAwareFilter@747f0f34, org.springframework.security.web.servletapi.SecurityContextHolderAwareRequestFilter@3472f3ab, org.springframework.security.web.authentication.AnonymousAuthenticationFilter@4c8afba, org.springframework.security.web.session.SessionManagementFilter@40071890, org.springframework.security.web.access.ExceptionTranslationFilter@2b30b627, org.springframework.security.web.access.intercept.FilterSecurityInterceptor@1cf4d454]
2024-05-24 01:23:33.964  INFO 49208 --- [main] o.s.s.web.DefaultSecurityFilterChain     : Creating filter chain: OrRequestMatcher [requestMatchers=[Ant [pattern='/publication/**'], Ant [pattern='/customer/**']]], [org.springframework.security.web.context.request.async.WebAsyncManagerIntegrationFilter@712c9bcf, org.springframework.security.web.context.SecurityContextPersistenceFilter@3f2ab6ec, org.springframework.security.web.header.HeaderWriterFilter@6b6f73d, org.springframework.web.filter.CorsFilter@3c34c491, org.springframework.security.web.authentication.logout.LogoutFilter@1f235a0a, org.springframework.security.oauth2.provider.authentication.OAuth2AuthenticationProcessingFilter@59db8216, org.springframework.security.web.savedrequest.RequestCacheAwareFilter@1f1e15de, org.springframework.security.web.servletapi.SecurityContextHolderAwareRequestFilter@2ea0161f, org.springframework.security.web.authentication.AnonymousAuthenticationFilter@509e4902, org.springframework.security.web.session.SessionManagementFilter@4c6fabba, org.springframework.security.web.access.ExceptionTranslationFilter@38d308e7, org.springframework.security.web.access.intercept.FilterSecurityInterceptor@243162b1]
2024-05-24 01:23:33.966  INFO 49208 --- [main] o.s.s.web.DefaultSecurityFilterChain     : Creating filter chain: any request, [org.springframework.security.web.context.request.async.WebAsyncManagerIntegrationFilter@3fc14dc0, org.springframework.security.web.context.SecurityContextPersistenceFilter@5c8d631, org.springframework.security.web.header.HeaderWriterFilter@79486f38, org.springframework.web.filter.CorsFilter@3c04ddda, org.springframework.security.web.authentication.logout.LogoutFilter@4e4c05a0, org.springframework.security.web.authentication.www.BasicAuthenticationFilter@15d2ea6b, org.springframework.security.web.savedrequest.RequestCacheAwareFilter@3d42b756, org.springframework.security.web.servletapi.SecurityContextHolderAwareRequestFilter@7c93e69, org.springframework.security.web.authentication.AnonymousAuthenticationFilter@78c23ade, org.springframework.security.web.session.SessionManagementFilter@7b364f47, org.springframework.security.web.access.ExceptionTranslationFilter@49ee3b8d, org.springframework.security.web.access.intercept.FilterSecurityInterceptor@6a95c2f6]
2024-05-24 01:23:34.237  INFO 49208 --- [main] o.s.s.concurrent.ThreadPoolTaskExecutor  : Initializing ExecutorService 'applicationTaskExecutor'
2024-05-24 01:23:34.412  INFO 49208 --- [main] o.s.b.w.embedded.tomcat.TomcatWebServer  : Tomcat started on port(s): 8080 (http) with context path ''
2024-05-24 01:23:34.414  INFO 49208 --- [main] DeferredRepositoryInitializationListener : Triggering deferred initialization of Spring Data repositories…
2024-05-24 01:23:34.414  INFO 49208 --- [main] DeferredRepositoryInitializationListener : Spring Data repositories initialized!
2024-05-24 01:23:34.425  INFO 49208 --- [main] com.myapplication.MyRestApplication      : Started MyRestApplication in 6.611 seconds (JVM running for 7.896)
2024-05-24 01:23:53.725  INFO 49208 --- [http-nio-8080-exec-2] o.a.c.c.C.[Tomcat].[localhost].[/]       : Initializing Spring DispatcherServlet 'dispatcherServlet'
2024-05-24 01:23:53.726  INFO 49208 --- [http-nio-8080-exec-2] o.s.web.servlet.DispatcherServlet        : Initializing Servlet 'dispatcherServlet'
2024-05-24 01:23:53.738  INFO 49208 --- [http-nio-8080-exec-2] o.s.web.servlet.DispatcherServlet        : Completed initialization in 12 ms
2024-05-24 01:23:53.775 DEBUG 49208 --- [http-nio-8080-exec-2] o.s.s.access.vote.AffirmativeBased       : Voter: org.springframework.security.web.access.expression.WebExpressionVoter@736119b4, returned: -1
2024-05-24 01:23:53.911 DEBUG 49208 --- [http-nio-8080-exec-2] o.h.stat.internal.StatisticsInitiator    : Statistics initialized [enabled=false]
2024-05-24 01:25:19.375 DEBUG 49208 --- [http-nio-8080-exec-3] o.s.s.access.vote.AffirmativeBased       : Voter: org.springframework.security.web.access.expression.WebExpressionVoter@736119b4, returned: -1
2024-05-24 09:47:01.161 DEBUG 49208 --- [http-nio-8080-exec-6] o.s.s.access.vote.AffirmativeBased       : Voter: org.springframework.security.web.access.expression.WebExpressionVoter@736119b4, returned: -1
=======
2024-05-31 13:29:54.867  INFO 20200 --- [main] com.myapplication.MyRestApplication      : Starting MyRestApplication on RENE with PID 20200 (C:\Users\retro\eclipse-workspace\sin-seguridad\my-rest-application\target\classes started by retro in C:\Users\retro\eclipse-workspace\sin-seguridad\my-rest-application)
2024-05-31 13:29:54.878  INFO 20200 --- [main] com.myapplication.MyRestApplication      : No active profile set, falling back to default profiles: default
2024-05-31 13:29:55.909  INFO 20200 --- [main] .s.d.r.c.RepositoryConfigurationDelegate : Bootstrapping Spring Data JPA repositories in DEFERRED mode.
2024-05-31 13:29:55.946  INFO 20200 --- [main] .s.d.r.c.RepositoryConfigurationDelegate : Finished Spring Data repository scanning in 24ms. Found 0 JPA repository interfaces.
2024-05-31 13:29:56.320  INFO 20200 --- [main] trationDelegate$BeanPostProcessorChecker : Bean 'org.springframework.security.access.expression.method.DefaultMethodSecurityExpressionHandler@1b1c538d' of type [org.springframework.security.access.expression.method.DefaultMethodSecurityExpressionHandler] is not eligible for getting processed by all BeanPostProcessors (for example: not eligible for auto-proxying)
2024-05-31 13:29:56.327  INFO 20200 --- [main] trationDelegate$BeanPostProcessorChecker : Bean 'methodSecurityMetadataSource' of type [org.springframework.security.access.method.DelegatingMethodSecurityMetadataSource] is not eligible for getting processed by all BeanPostProcessors (for example: not eligible for auto-proxying)
2024-05-31 13:29:56.597  INFO 20200 --- [main] o.s.b.w.embedded.tomcat.TomcatWebServer  : Tomcat initialized with port(s): 8080 (http)
2024-05-31 13:29:56.626  INFO 20200 --- [main] o.apache.catalina.core.StandardService   : Starting service [Tomcat]
2024-05-31 13:29:56.626  INFO 20200 --- [main] org.apache.catalina.core.StandardEngine  : Starting Servlet engine: [Apache Tomcat/9.0.35]
2024-05-31 13:29:56.732  INFO 20200 --- [main] o.a.c.c.C.[Tomcat].[localhost].[/]       : Initializing Spring embedded WebApplicationContext
2024-05-31 13:29:56.732  INFO 20200 --- [main] o.s.web.context.ContextLoader            : Root WebApplicationContext: initialization completed in 1809 ms
2024-05-31 13:29:56.772  WARN 20200 --- [main] JpaBaseConfiguration$JpaWebConfiguration : spring.jpa.open-in-view is enabled by default. Therefore, database queries may be performed during view rendering. Explicitly configure spring.jpa.open-in-view to disable this warning
2024-05-31 13:29:56.932  INFO 20200 --- [main] org.hibernate.Version                    : HHH000412: Hibernate ORM core version 5.4.15.Final
2024-05-31 13:29:57.205  INFO 20200 --- [main] o.hibernate.annotations.common.Version   : HCANN000001: Hibernate Commons Annotations {5.1.0.Final}
2024-05-31 13:29:57.828  INFO 20200 --- [main] org.hibernate.dialect.Dialect            : HHH000400: Using dialect: org.hibernate.dialect.MySQLDialect
2024-05-31 13:29:58.834  INFO 20200 --- [main] o.h.e.t.j.p.i.JtaPlatformInitiator       : HHH000490: Using JtaPlatform implementation: [org.hibernate.engine.transaction.jta.platform.internal.NoJtaPlatform]
2024-05-31 13:29:59.417  INFO 20200 --- [main] o.s.s.web.DefaultSecurityFilterChain     : Creating filter chain: Ant [pattern='/**', OPTIONS], []
2024-05-31 13:29:59.449  INFO 20200 --- [main] o.s.s.web.DefaultSecurityFilterChain     : Creating filter chain: OrRequestMatcher [requestMatchers=[Ant [pattern='/oauth/token'], Ant [pattern='/oauth/token_key'], Ant [pattern='/oauth/check_token']]], [org.springframework.security.web.context.request.async.WebAsyncManagerIntegrationFilter@638341b0, org.springframework.security.web.context.SecurityContextPersistenceFilter@46c475ba, org.springframework.security.web.header.HeaderWriterFilter@799206ad, org.springframework.security.web.authentication.logout.LogoutFilter@9734cae, org.springframework.security.web.authentication.www.BasicAuthenticationFilter@14b4d90b, org.springframework.security.web.savedrequest.RequestCacheAwareFilter@606f0f70, org.springframework.security.web.servletapi.SecurityContextHolderAwareRequestFilter@2d2afc39, org.springframework.security.web.authentication.AnonymousAuthenticationFilter@7962c1d5, org.springframework.security.web.session.SessionManagementFilter@2059c3ff, org.springframework.security.web.access.ExceptionTranslationFilter@304e1e4e, org.springframework.security.web.access.intercept.FilterSecurityInterceptor@10280879]
2024-05-31 13:29:59.463  INFO 20200 --- [main] o.s.s.web.DefaultSecurityFilterChain     : Creating filter chain: OrRequestMatcher [requestMatchers=[Ant [pattern='/**']]], [org.springframework.security.web.context.request.async.WebAsyncManagerIntegrationFilter@4c8afba, org.springframework.security.web.context.SecurityContextPersistenceFilter@5ab3f611, org.springframework.security.web.header.HeaderWriterFilter@6b338591, org.springframework.web.filter.CorsFilter@e3692ca, org.springframework.security.web.authentication.logout.LogoutFilter@53b7f08, org.springframework.security.oauth2.provider.authentication.OAuth2AuthenticationProcessingFilter@47f5ab58, org.springframework.security.web.authentication.UsernamePasswordAuthenticationFilter@63d75087, org.springframework.security.web.authentication.ui.DefaultLoginPageGeneratingFilter@40fd1a78, org.springframework.security.web.savedrequest.RequestCacheAwareFilter@33425171, org.springframework.security.web.servletapi.SecurityContextHolderAwareRequestFilter@44aa5585, org.springframework.security.web.authentication.AnonymousAuthenticationFilter@cae4952, org.springframework.security.web.session.SessionManagementFilter@277474fc, org.springframework.security.web.access.ExceptionTranslationFilter@c3ca482, org.springframework.security.web.access.intercept.FilterSecurityInterceptor@447630c4]
2024-05-31 13:29:59.466  INFO 20200 --- [main] o.s.s.web.DefaultSecurityFilterChain     : Creating filter chain: any request, [org.springframework.security.web.context.request.async.WebAsyncManagerIntegrationFilter@31434b63, org.springframework.security.web.context.SecurityContextPersistenceFilter@4c6fabba, org.springframework.security.web.header.HeaderWriterFilter@38d308e7, org.springframework.security.web.authentication.logout.LogoutFilter@2ea0161f, org.springframework.security.web.savedrequest.RequestCacheAwareFilter@3f2ab6ec, org.springframework.security.web.servletapi.SecurityContextHolderAwareRequestFilter@1f1e15de, org.springframework.security.web.authentication.AnonymousAuthenticationFilter@64d42d3d, org.springframework.security.web.session.SessionManagementFilter@6b6f73d, org.springframework.security.web.access.ExceptionTranslationFilter@5c65fa69, org.springframework.security.web.access.intercept.FilterSecurityInterceptor@3435a4e5]
2024-05-31 13:29:59.672  INFO 20200 --- [main] o.s.s.concurrent.ThreadPoolTaskExecutor  : Initializing ExecutorService 'applicationTaskExecutor'
2024-05-31 13:29:59.798  INFO 20200 --- [main] o.s.b.w.embedded.tomcat.TomcatWebServer  : Tomcat started on port(s): 8080 (http) with context path ''
2024-05-31 13:29:59.801  INFO 20200 --- [main] DeferredRepositoryInitializationListener : Triggering deferred initialization of Spring Data repositories…
2024-05-31 13:29:59.801  INFO 20200 --- [main] DeferredRepositoryInitializationListener : Spring Data repositories initialized!
2024-05-31 13:29:59.808  INFO 20200 --- [main] com.myapplication.MyRestApplication      : Started MyRestApplication in 5.401 seconds (JVM running for 6.492)
2024-05-31 13:30:29.265  INFO 20200 --- [http-nio-8080-exec-1] o.a.c.c.C.[Tomcat].[localhost].[/]       : Initializing Spring DispatcherServlet 'dispatcherServlet'
2024-05-31 13:30:29.265  INFO 20200 --- [http-nio-8080-exec-1] o.s.web.servlet.DispatcherServlet        : Initializing Servlet 'dispatcherServlet'
2024-05-31 13:30:29.274  INFO 20200 --- [http-nio-8080-exec-1] o.s.web.servlet.DispatcherServlet        : Completed initialization in 9 ms
2024-05-31 13:30:29.354  INFO 20200 --- [http-nio-8080-exec-4] o.s.s.o.p.token.store.JdbcTokenStore     : Failed to find access token for token 
2024-05-31 13:30:33.628  INFO 20200 --- [http-nio-8080-exec-5] o.s.s.o.p.token.store.JdbcTokenStore     : Failed to find access token for token 
2024-05-31 13:31:03.935  INFO 20200 --- [http-nio-8080-exec-10] o.s.s.o.p.token.store.JdbcTokenStore     : Failed to find access token for token 
2024-05-31 13:31:04.753  INFO 20200 --- [http-nio-8080-exec-8] o.s.s.o.p.token.store.JdbcTokenStore     : Failed to find access token for token 590bd27a-54ab-4857-93fb-b32c1388bf9c
>>>>>>> a253bca23852c8443db7631db84154760796a46a
